STT,Diễn viên,Link_Wikipedia,Họ và tên,Ngày sinh,Quốc tịch,Nghề nghiệp,Năm hoạt động,Link ảnh
1,A Tới,,,,Việt Nam,,,
2,amee,https://vi.wikipedia.org/wiki/Amee,Trần Huyền My," 23 tháng 3, 2000 (25 tuổi)",Việt Nam,Ca sĩDiễn viên,2019–nay,https://vi.wikipedia.org/wiki/T%E1%BA%ADp_tin:Amee_2024_(cropped).jpg
3,anh dũng,https://vi.wikipedia.org/wiki/Anh_D%C5%A9ng_(di%E1%BB%85n_vi%C3%AAn),Nguyễn Anh Dũng,"30 tháng 10, 1990",Việt Nam,Diễn viên,2011 – nay,https://images2.thanhnien.vn/528068263637045248/2023/5/30/anh-dung-5-16854679130356563298.jpeg
4,anh phạm,,Phạm Quỳnh Anh,1999,Việt Nam,Diễn viên,,
5,anh tháp,,,,Việt Nam,Diễn viên	,,
6,anh thư,https://vi.wikipedia.org/wiki/Anh_Th%C6%B0,Nguyễn Thị Anh Thư,"Nguyễn Thị Anh Thư; 26 tháng 4, 1982 (43 tuổi); Thành phố Hồ Chí Minh, Việt Nam",Việt Nam,Người mẫu Diễn viên,1999 – nay,https://vi.wikipedia.org/wiki/T%E1%BA%ADp_tin:Anh_Th%C6%B0.png
7,anh tuấn,https://vi.wikipedia.org/wiki/Ph%E1%BA%A1m_Anh_Tu%E1%BA%A5n_(di%E1%BB%85n_vi%C3%AAn),Phạm Anh Tuấn,"21 tháng 7, 1990 ",Việt Nam,"Diễn viên, Ca sĩ",2007 - nay,
8,anh tài,,,	26/08/1987,Việt Nam,"Diễn viên, Ca sĩ", 2007 - nay,
9,anh tú wilson,,Nguyễn Phan Anh Tú,1998,Việt Nam,Diễn viên,2019 - nay,
10,anh đào,,Nguyễn Anh Đào,1996,Việt Nam,Diễn viên,,https://cdnphoto.dantri.com.vn/x980hNgf011J4FVj6BABgxSNnnM=/thumb_w/1470/2025/06/02/anh-daojpg-1748879801583.jpg
11,anh đức,,Bùi Đức Ái,1983,Việt Nam,Diễn viên,,
12,anna linh,,Nguyễn Thị Hương Linh,"4 tháng 10,1999",Việt Nam,"Diễn viên, Người mẫu",2014 - nay,
13,envih lu,,Lương Anh Vũ,1995,Việt Nam,"Diễn viên, Ca sĩ",2018 - nay ,
14,august vachiravit,,august vachiravit,"31 tháng 8, 1996",Thái Lan	,"Diễn viên, Ca sĩ, Người mẫu",2014 - nay,
15,avin lu,,Lương An Vũ,"8 tháng 6, 1998",Việt Nam,,,
16,bb trần,,Trần Phan Quốc Bảo,"20 tháng 8, 1990",Việt Nam,"Diễn viên, Nghệ sĩ hài, Người mẫu",2009 - nay,
17,baggio saetti,,Saetti Baggio,1990,Pháp (Gốc Việt),"Diễn viên, Cầu thủ bóng rổ", 2007 - nay,
18,bé an bình,,,,Việt Nam,Diễn viên nhí,,
19,bé bảo thy,,Huỳnh Nguyễn Bảo Thi,2014,Việt Nam,"Diễn viên nhí, Người mẫu",2021 - nay,
20,bé quyên,,Trần Thị Bé Quyên,2001,Việt Nam,"Người mẫu, Diễn viên",2022 - nay,
21,bình minh,https://vi.wikipedia.org/wiki/B%C3%ACnh_Minh_(ng%C6%B0%E1%BB%9Di_m%E1%BA%ABu),Nguyễn Bình Minh,"5 tháng 11, 1981 ",Việt Nam,Người mẫuDiễn viênNgười dẫn chương trình,2001 – nay,https://vi.wikipedia.org/wiki/T%E1%BA%ADp_tin:Actor_Nguyen_Binh_Minh.png
22,bích hằng,,Trần Bích Hằng,,Việt Nam,Diễn viên sân khấu/điện ảnh,1982 - nay,
23,bích ngọc,,Nguyễn Bích Ngọc,1997,Việt Nam,"Diễn viên, Người mẫu",2018 - nay,
24,bùi anh tú,https://vi.wikipedia.org/wiki/B%C3%B9i_Anh_T%C3%BA,Bùi Anh Tú," 3 tháng 10, 1993 (31 tuổi)",Việt Nam,Diễn viênCa sĩ,2012–nay,https://vi.wikipedia.org/wiki/T%E1%BA%ADp_tin:ANH_TU_2023.jpg
25,bùi hải vy,,Bùi Hải Vy,10/09/2000,Việt Nam,Diễn viên,,https://cdn.tienphong.vn/images/0ac7e7afb2c0920c4226b09e6919659bae1ec2a3415a676f1f879eb20e09d0f9dc5d34cf1001dcb6a9416a6047074edb/img-2271.jpg
26,bùi lan hương,https://vi.wikipedia.org/wiki/B%C3%B9i_Lan_H%C6%B0%C6%A1ng,Bùi Lan Hương,"Bùi Lan Hương; 11 tháng 6, 1989 (36 tuổi); Hà Nội, Việt Nam",Việt Nam,Ca sĩ kiêm sáng tác nhạc,2017–nay,https://vi.wikipedia.org/wiki/T%E1%BA%ADp_tin:B%C3%99I_LAN_H%C6%AF%C6%A0NG.png
27,băng di,https://vi.wikipedia.org/wiki/B%C4%83ng_Di,Nguyễn Bảo Trinh,"19 tháng 6, 1990 ",Việt Nam,"Diễn viên, Ca sĩ, Người mẫu",2008–nay,https://vi.wikipedia.org/wiki/T%E1%BA%ADp_tin:B%C4%82NG_DI.jpg
28,bạch công khanh,https://vi.wikipedia.org/wiki/B%E1%BA%A1ch_C%C3%B4ng_Khanh,Bạch Công Khanh,"23 tháng 11, 1990",Việt Nam;  Hoa Kỳ,"Ca sĩ, diễn viên, MC",2009 – nay,https://vi.wikipedia.org/wiki/T%E1%BA%ADp_tin:Bach_Cong_Khanh.png
29,bạch long,,Nguyễn Thành Tùng,1959,Việt Nam,Diễn viên sân khấu,,https://media-cdn-v2.laodong.vn/storage/newsportal/2024/3/14/1315089/Bach-Long-Large.jpeg
30,bảo anh,https://vi.wikipedia.org/wiki/B%E1%BA%A3o_Anh_(ca_s%C4%A9),Nguyễn Hoài Bảo Anh,"3 tháng 9, 1992 (33 tuổi)",Việt Nam,Ca sĩDiễn viên,2012 – nay,https://vi.wikipedia.org/wiki/T%E1%BA%ADp_tin:Bao_Anh_(2018).png
31,bảo duy,,,,Việt Nam,Diễn viên	,,
32,bảo khương,,Nguyễn Kim Bảo,1981,Việt Nam,"Diễn viên, Nghệ sĩ Cải lương",1972 - nay ,
33,bảo ngọc,,Lê Huỳnh Bảo Ngọc,Việt Nam,Việt Nam,"Diễn viên nhí, Người mẫu",2015 - nay ,
34,bảo thanh,https://vi.wikipedia.org/wiki/B%E1%BA%A3o_Thanh_(di%E1%BB%85n_vi%C3%AAn),Vũ Thị Phương Thanh,"26 tháng 10, 1990 (34 tuổi)",Việt Nam,Diễn viên,2000–nay,https://vi.wikipedia.org/wiki/T%E1%BA%ADp_tin:B%E1%BA%A3o_Thanh.jpg
35,bảo thi,https://vi.wikipedia.org/wiki/B%E1%BA%A3o_Thy,Trần Thị Thúy Loan,"Trần Thị Thúy Loan; 2 tháng 6, 1988 (37 tuổi); Thành phố Hồ Chí Minh, Việt Nam",Việt Nam,Ca sĩNhạc sĩDiễn viên,2006–nay,https://vi.wikipedia.org/wiki/T%E1%BA%ADp_tin:B%E1%BA%A3o_Thy.png
36,bảo tiên,,,,Việt Nam,Diễn viên nhí,,
37,bảo uyên,,Nguyễn Bảo Uyên,1992,Việt Nam,Doanh nhân,,
38,bảo huyền,,,,Việt Nam,Diễn viên,,
39,cao minh đạt,https://vi.wikipedia.org/wiki/Cao_Minh_%C4%90%E1%BA%A1t,Cao Minh Đạt,22 tháng 4 năm 1975,Việt Nam,,1995 – nay,https://vi.wikipedia.org/wiki/T%E1%BA%ADp_tin:CaoMinhDat1975.jpg
40,cao sang lê,,,,Việt Nam,Diễn viên,,
41,cao thiên trang,https://vi.wikipedia.org/wiki/Cao_Thi%C3%AAn_Trang,Cao Thị Thiên Trang,"Cao Thị Thiên Trang; 1 tháng 10, 1993 (31 tuổi); Thành phố Hồ Chí Minh, Việt Nam",Vietnam,"Người mẫu, Diễn viên",2012–hiện tại,
42,cao thái hà,https://vi.wikipedia.org/wiki/Cao_Th%C3%A1i_H%C3%A0,Cao Thái Hà,"20 tháng 4, 1990 (35 tuổi)",Việt Nam,Diễn viên,2011–nay,https://vi.wikipedia.org/wiki/T%E1%BA%ADp_tin:CaoThaiHa1990.jpg
43,cao thị thùy linh,,Cao Thị Thùy Linh,2003,Việt Nam,,,
44,ceri,,Thu Hà Ceri ,2002,Việt Nam,"Diễn viên, Người mẫu",2023 - nay ,
45,cherry hải my,,Lý Hải My,,Việt Nam,Diễn viên nhí,2015 - nay,
46,chi pu,https://vi.wikipedia.org/wiki/Chi_Pu,Nguyễn Thùy Chi,"Nguyễn Thùy Chi; 14 tháng 6, 1993 (32 tuổi); Hà Nội, Việt Nam",Việt Nam,Ca sĩDiễn viênNgười mẫuNhân vật truyền hình,2009–nay,https://vi.wikipedia.org/wiki/T%E1%BA%ADp_tin:Chi_Pu_as_H%E1%BA%A1_Linh_in_She_Was_Pretty_(M%E1%BB%91i_t%C3%ACnh_%C4%91%E1%BA%A7u_c%E1%BB%A7a_t%C3%B4i).jpg
47,chiến thắng,https://vi.wikipedia.org/wiki/Chi%E1%BA%BFn_Th%E1%BA%AFng_(ngh%E1%BB%87_s%C4%A9),Nguyễn Chiến Thắng,"14 tháng 7, 1975",Việt Nam,"Diễn viên, biên kịch",2001 – nay,https://vi.wikipedia.org/wiki/T%E1%BA%ADp_tin:Chi%E1%BA%BFn_Th%E1%BA%AFng.png
48,chiều xuân,https://vi.wikipedia.org/wiki/Chi%E1%BB%81u_Xu%C3%A2n,,,Việt Nam,,,
49,chu diệp anh,,chu diệp anh,2011,Việt Nam,"Diễn viên nhí, Người mẫu nhí",2016 - nay ,
50,châu bùi,,Bùi Thái Bảo Châu,"13 tháng 11, 1997",Việt Nam,"	Fashionista, Người mẫu, Diễn viên",,
51,chí tâm,,Dương Chí Tâm,8 tháng 2 năm 1952,Việt Nam,Nghệ sĩ cải lương,2014 - nay,
52,cris phan,,Phan Lê Vy Thanh,"1 tháng 6, 1993",Việt Nam,"Streamer, YouTuber, Diễn viên",2014 - nay,
53,cát hạ,,Lê Ngô Cát Hạ,1997,Việt Nam,"Diễn viên, Người mẫu",,
54,cát phượng,https://vi.wikipedia.org/wiki/C%C3%A1t_Ph%C6%B0%E1%BB%A3ng,Đỗ Như Cát Phượng,"3 tháng 12, 1970 (54 tuổi)",Việt Nam,Diễn viênCa sĩNghệ sĩ hài,1993 – nay,https://vi.wikipedia.org/wiki/T%E1%BA%ADp_tin:Catphuong.jpg
55,công dương,https://vi.wikipedia.org/wiki/C%C3%B4ng_D%C6%B0%C6%A1ng,,,Việt Nam,,,
56,công ninh,https://vi.wikipedia.org/wiki/C%C3%B4ng_Ninh,Nguyễn Công Ninh,"28 tháng 1, 1962 (63 tuổi)",Việt Nam,Diễn viên,1990 – nay,https://vi.wikipedia.org/wiki/T%E1%BA%ADp_tin:Cong_Ninh.jpg
57,cù thị trà,,Cù Thị Trà,1999,Việt Nam,"Diễn viên, Người mẫu ảnh",2021 - nay,
58,cẩm ly,https://vi.wikipedia.org/wiki/C%E1%BA%A9m_Ly,Trần Thị Cẩm Ly," 30 tháng 3, 1970 ",Việt Nam,Ca sĩ,,https://vi.wikipedia.org/wiki/T%E1%BA%ADp_tin:Cam_Ly_1.png
59,danh ca nhật hạ,,Vũ Thị Ngọc Liên,,Việt Nam (Hải ngoại),"Ca sĩ, Diễn viên, Biên kịch",1980s - nay,
60,diễm hằng,,Diễm Hằng Lamoon,2003,Việt Nam,"Diễn viên, Ca sĩ",2024 - nay,
61,diễm my,https://vi.wikipedia.org/wiki/Di%E1%BB%85m_My_(di%E1%BB%85n_vi%C3%AAn),Vũ Phạm Diễm My,"27 tháng 1, 1990 (35 tuổi)",Việt Nam,Diễn viênNgười mẫuNgười dẫn chương trình,2005 – nay,https://vi.wikipedia.org/wiki/T%E1%BA%ADp_tin:Di%E1%BB%85m_My_2017_(1).jpg
62,diệp bảo ngọc,,Diệp Bảo Ngọc,"01 tháng 8,1993",Việt Nam,"Diễn viên, người mẫu, doanh nhân",,
63,diệu nhi,https://vi.wikipedia.org/wiki/Di%E1%BB%87u_Nhi,Trần Thị Diệu Nhi,"21 tháng 5, 1991 (34 tuổi)",Việt Nam,Diễn viênNghệ sĩ hàiNgười dẫn chương trình,2008 – nay,https://vi.wikipedia.org/wiki/T%E1%BA%ADp_tin:Di%E1%BB%87u_Nhi_GQT6.jpg
64,doãn hoàng,,Trần Doãn Hoàng,,Việt Nam,Diễn viên ,2010 - nay,
65,doãn quốc đam,https://vi.wikipedia.org/wiki/Do%C3%A3n_Qu%E1%BB%91c_%C4%90am,Đào Trọng Hùng,"9 tháng 9, 1988 ",Việt Nam,Diễn viênNgười mẫu,2011–nay,
66,dustin nguyễn,https://vi.wikipedia.org/wiki/Dustin_Nguy%E1%BB%85n,Nguyễn Xuân Trí,"17 tháng 9, 1962",Hoa Kỳ; Việt Nam,"Diễn viên, Nhà làm phim",1985–nay,https://vi.wikipedia.org/wiki/T%E1%BA%ADp_tin:DUSTIN_NGUY%E1%BB%84N_P1.jpg
67,duy khánh,https://vi.wikipedia.org/wiki/Duy_Kh%C3%A1nh_(di%E1%BB%85n_vi%C3%AAn),Nguyễn Hữu Duy Khánh,"4 tháng 1, 1995",Việt Nam,Diễn viênNghệ sĩ hàiNgười dẫn chương trình,2011–nay,https://vi.wikipedia.org/wiki/T%E1%BA%ADp_tin:Duy_Kh%C3%A1nh_ZhouZhou_2.jpg
68,dũng bino,,Nguyễn Đăng Dũng,1991,Việt Nam,Diễn viên,2015 - nay,
69,dược sĩ tiến,,Phạm Minh Hữu Tiến,1989,Việt Nam,"Dược sĩ, Diễn viên", 2018 - nay,
70,dạ chúc,,,2013,Việt Nam,Diễn viên nhí,2022 - nay,
71,ellie mễ tiên,,,,,,,
72,emma lê,,Emma Maria Fernandez Lê,2000,,"diễn viên, người mẫu",,https://images2.thanhnien.vn/528068263637045248/2023/9/10/emma-le-11-16943441718041123335015.jpeg
73,FAPtv (Huỳnh Phương,,,,,,,
74,gi a nguyễn,,,,,,,
75,gia bảo,,,,,,,
76,giàng a phá,,,,Việt Nam,,,
77,h'hen niê,https://vi.wikipedia.org/wiki/H%27Hen_Ni%C3%AA,,"15 tháng 5, 1992 (33 tuổi); Đắk Lắk, Việt Nam",Việt Nam,Người mẫuNhân vật truyền hình,2015–nay,https://vi.wikipedia.org/wiki/T%E1%BA%ADp_tin:H%27HEN_NI%C3%8A_(cropped).png
78,henry nguyễn,,Henry Vig Nguyễn,,Việt Nam,Diễn viên,,
79,him phạm,,,,,Diễn viên,2023 - nay,
80,hiếu hiền,https://vi.wikipedia.org/wiki/Hi%E1%BA%BFu_Hi%E1%BB%81n,,,Việt Nam,,2003 – nay,https://vi.wikipedia.org/wiki/T%E1%BA%ADp_tin:Hieuhien.jpg
81,hiếu nguyễn,,Hiếu Nguyễn,"17 tháng 9, 1990",Việt Nam,"Diễn viên, Người mẫu", 2014 - nay,
82,hiệp gà,https://vi.wikipedia.org/wiki/Hi%E1%BB%87p_G%C3%A0,Dương Đức Hiệp,"15 tháng 12, 1977 (47 tuổi)",Việt Nam,"nghệ sĩ hài, diễn viên điện ảnh",,
83,hoa thảo,,,,Việt Nam,Diễn viên,,
84,hoài linh,https://vi.wikipedia.org/wiki/Ho%C3%A0i_Linh,Võ Nguyễn Hoài Linh[1],"Võ Nguyễn Hoài Linh[1]; 18 tháng 12, 1969 (55 tuổi); Cam Ranh, Khánh Hòa, Việt Nam Cộng hòa",Việt Nam,Diễn viênNghệ sĩ hài,1987–nay,https://vi.wikipedia.org/wiki/T%E1%BA%ADp_tin:HoaiLinhin2020.jpg
85,hoài lâm,https://vi.wikipedia.org/wiki/Ho%C3%A0i_L%C3%A2m,Nguyễn Tuấn Lộc,"1 tháng 7, 1995 ",Việt Nam,"Ca sĩ, Diễn viên",,https://vi.wikipedia.org/wiki/T%E1%BA%ADp_tin:HOAI_LAM_2022.jpg
86,hoàng anh duy,,,,Việt Nam,Đạo diễn,,
87,hoàng hà,https://vi.wikipedia.org/wiki/Ho%C3%A0ng_H%C3%A0_(di%E1%BB%85n_vi%C3%AAn),,"11 tháng 12, 1996 ",Việt Nam,Diễn viên,2015–nay,https://vi.wikipedia.org/wiki/T%E1%BA%ADp_tin:HO%C3%80NG_H%C3%80_(cropped).jpg
88,hoàng kim ngọc,,Hoàng Kim Ngọc,1990,Việt Nam,"Diễn viên, CEO", 2010s - nay,
89,hoàng linh,,,,Việt Nam,Diễn viên,,
90,hoàng long,,Vương Hoàng Long,,Việt Nam,Diễn viên,,
91,hoàng mai anh,,Hoàng Mai Anh,1994,Việt Nam,"Diễn viên, Vũ công", 2013 - nay,
92,hoàng minh triết,,,,Việt Nam,Diễn viên,,
93,hoàng mèo,,Nguyễn Lê Hoàng,1982,Việt Nam,"Diễn viên, Nghệ sĩ hài",2000s - nay,
94,hoàng oanh,,Huỳnh Kim Chi,"6 tháng 11, 1946",Việt Nam,"Danh ca, Diễn viên",1950s - nay,
95,hoàng phi,,Lê Hoàng Phi,1989,Việt Nam,"Diễn viên, MC", 2000s - nay,
96,hoàng sơn,https://vi.wikipedia.org/wiki/Ho%C3%A0ng_S%C6%A1n_(di%E1%BB%85n_vi%C3%AAn),,,Việt Nam,,1985 - nay,https://vi.wikipedia.org/wiki/T%E1%BA%ADp_tin:Ho%C3%A0ng_S%C6%A1n_(di%E1%BB%85n_vi%C3%AAn).png
97,hoàng thùy linh,https://vi.wikipedia.org/wiki/Ho%C3%A0ng_Th%C3%B9y_Linh,Hoàng Thùy Linh,"11 tháng 8, 1988 (37 tuổi)",Việt Nam,Ca sĩDiễn viênNgười mẫu,2004–nay,https://vi.wikipedia.org/wiki/T%E1%BA%ADp_tin:HOANG_THUY_LINH.jpg
98,hoàng trinh,,Nguyễn Thị Hoàng Trinh,"14 tháng 2, 1968",Việt Nam,"Diễn viên kịch/điện ảnh, MC",1988 - nay,
99,hoàng yến chibi,https://vi.wikipedia.org/wiki/Ho%C3%A0ng_Y%E1%BA%BFn_Chibi,Nguyễn Hoàng Yến,"8 tháng 12, 1995 (29 tuổi)",Việt Nam,Ca sĩDiễn viênNgười dẫn chương trình,2010–nay,https://vi.wikipedia.org/wiki/T%E1%BA%ADp_tin:HO%C3%80NG_Y%E1%BA%BEN_CHIBI_P2.jpg
100,huy anh,,,,Việt Nam,Diễn viên,,
101,huy khánh,https://vi.wikipedia.org/wiki/Huy_Kh%C3%A1nh,Trần Phan Huy Khánh,"Trần Phan Huy Khánh; 7 tháng 1, 1981 (44 tuổi); Thành phố Hồ Chí Minh, Việt Nam",Việt Nam,Diễn viênNgười dẫn chương trình,2000 – nay,https://vi.wikipedia.org/wiki/T%E1%BA%ADp_tin:Huy_Kh%C3%A1nh.png
102,huyme,https://vi.wikipedia.org/wiki/Huyme,Phạm Công Thành,"1 tháng 3, 1993 (32 tuổi)",Việt Nam,Vlogger; Diễn viên,2011 – nay,
103,huỳnh anh tuấn,https://vi.wikipedia.org/wiki/Hu%E1%BB%B3nh_Anh_Tu%E1%BA%A5n,,,Việt Nam,,1989 – nay,https://vi.wikipedia.org/wiki/T%E1%BA%ADp_tin:Huynhanhtuan_(cropped).jpg
104,huỳnh chillhuyn,,Huỳnh Nguyễn Bảo Thi,2014,Việt Nam,"Diễn viên nhí, Người mẫu",2021 - nay,
105,huỳnh hạo khang,,Huỳnh Hạo Khang,2010,Việt Nam,"Diễn viên nhí, Ca sĩ",2020 - nay,
106,huỳnh lập,https://vi.wikipedia.org/wiki/Hu%E1%BB%B3nh_L%E1%BA%ADp,Huỳnh Ngọc Lập,"17 tháng 5, 1993",Việt Nam,"Diễn viên,Nghệ sĩ hài, Doanh nhân,Nhà làm phim",2012–nay,https://vi.wikipedia.org/wiki/T%E1%BA%ADp_tin:Huynh_Lap_(2018).png
107,huỳnh mai cát tiên,,,,Việt Nam,Diễn viên,,
108,huỳnh như,,Bùi Ngọc Huỳnh Như,1998,Việt Nam,Diễn viên,2010s - nay,
109,huỳnh phương,,Nguyễn Huỳnh Duy Phương,"11 tháng 12, 1992",Việt Nam,"Diễn viên hài, YouTuber (FAPtv)", 2014 - nay,
110,huỳnh thanh trực,,Huỳnh Thanh Trực,1995,Việt Nam,Diễn viên,2017 - nay,
111,huỳnh thi,,Huỳnh Thi,,Việt Nam,Diễn viên,2023 - nay,
112,huỳnh tú uyên,,Tú Uyên,1991,Việt Nam,"Diễn viên, Người mẫu",2014 - nay,
113,huỳnh đông,https://vi.wikipedia.org/wiki/Hu%E1%BB%B3nh_%C4%90%C3%B4ng,Phạm Huỳnh Đông," 5 tháng 11, 1983 (41 tuổi)",Việt Nam,Diễn viên,2004 – nay,https://vi.wikipedia.org/wiki/T%E1%BA%ADp_tin:HuynhDong1983.jpg
114,hà linh,,Phạm Hà Linh,1973,Việt Nam,"Diễn viên hài, Kịch",1990s - nay,
115,hà thu nguyệt,,,,Việt Nam,Diễn viên,,
116,hà trung,,,,Việt Nam,Diễn viên,,
117,hà việt dũng,https://vi.wikipedia.org/wiki/H%C3%A0_Vi%E1%BB%87t_D%C5%A9ng,Hà Việt Dũng,"19 tháng 8, 1987 (38 tuổi)",Việt Nam,Người mẫudiễn viên,2011–nay,https://golives3.s3.amazonaws.com/2022/11/22299_7fa78473266f80a1af213114298d9e49.png
118,hà văn hiếu,,Hà Văn Hiếu,,Việt Nam,"Đô vật, Diễn viên",2022 - nay,
119,hòa minzy,https://vi.wikipedia.org/wiki/H%C3%B2a_Minzy,Nguyễn Thị Hòa," 31 tháng 5, 1995 ",Việt Nam,"Ca sĩ, Người dẫn chương trình, Diễn viên",2014–nay,https://vi.wikipedia.org/wiki/T%E1%BA%ADp_tin:H%C3%B2a_Minzy.png
120,hùng anh,,,,Việt Nam,Diễn viên,2024 - nay,
121,hương giang,"https://vi.wikipedia.org/wiki/H%C6%B0%C6%A1ng_Giang_(ca_s%C4%A9,_MC,_hoa_h%E1%BA%ADu)",Nguyễn Ngọc Hiếu,"29 tháng 12, 1991 (33 tuổi)",Việt Nam,Ca sĩDiễn viênNgười mẫuNhân vật truyền hình,2010–nay,https://vi.wikipedia.org/wiki/T%E1%BA%ADp_tin:Huong_Giang_in_2015_(cropped).png
122,hạ anh,,Lê Hạ Anh,"31 tháng 8, 1995",Việt Nam,Diễn viên,2014 - nay,
123,hạnh thúy,https://vi.wikipedia.org/wiki/H%E1%BA%A1nh_Th%C3%BAy,Ngô Phạm Hạnh Thúy,"26 tháng 11, 1976 ",Việt Nam,"Diễn viên,Đạo diễn sân khấu,Nhà biên kịch",1997 – nay,https://vi.wikipedia.org/wiki/T%E1%BA%ADp_tin:Hanh_thuy.jpg
124,hải anh,,Nguyễn Vũ Hải Anh,1974,Việt Nam,Diễn viên,,
125,hải nam,,,1996,Việt Nam,"Diễn viên, Ca sĩ, Người mẫu",2019 - nay,
126,hải ngân brianna,,,,Việt Nam,Diễn viên,,
127,hải quân,,,,Việt Nam,Diễn viên,,
128,hải triều,, Đào Hải Triều,"6 tháng 6, 1990",Việt Nam,"Diễn viên hài, Kịch",2010s - nay,
129,hồ minh khuê,,Ammy Minh Khuê,1985,Việt Nam,"Diễn viên, Ca sĩ, MC",2000s - nay,
130,hồ minh ngọc,,,,Việt Nam,Diễn viên,,
131,hồ quang,,,,Việt Nam,Diễn viên,,
132,hồ quang mẫn,,Hồ Quang Mẫn,1977,Việt Nam,"Diễn viên, Người mẫu",2010s - nay,
133,hồ thu anh,,Hồ Thu Anh,1994,Việt Nam,"Diễn viên, Người mẫu, Fashionista",2019 - nay,
134,hồ thành trung,,Hồ Thành Trung,,Việt Nam,Diễn viên,2017 - nay,
135,hồ đông quan,,Hồ Đông Quan,1999,Việt Nam,"Diễn viên, Ca sĩ",2024 - nay ,
136,hồng thu,,Hồng Thu,2011,Việt Nam,"Diễn viên nhí, Người mẫu nhí",2016 - nay,
137,hồng ánh,https://vi.wikipedia.org/wiki/H%E1%BB%93ng_%C3%81nh,Phạm Thị Hồng Ánh," 28 tháng 8, 1977 (48 tuổi)",Việt Nam,Diễn viên,1995–nay,https://vi.wikipedia.org/wiki/T%E1%BA%ADp_tin:Hong_Anh.png
138,hồng ân,,Lý Hồng Ân,1997,Việt Nam,Diễn viên,2010s - nay,
139,hồng đào,https://vi.wikipedia.org/wiki/H%E1%BB%93ng_%C4%90%C3%A0o_(di%E1%BB%85n_vi%C3%AAn),Nguyễn Đình Hồng Đào," 25 tháng 9, 1962 ",Việt Nam,Diễn viên,1981 – nay,https://vi.wikipedia.org/wiki/T%E1%BA%ADp_tin:Hongdao.jpg
140,hứa minh đạt,,Hứa Minh Đạt,26 tháng 11 năm 1982,Việt Nam,Diễn viên,,https://i1-giaitri.vnecdn.net/2019/10/18/hua-minh-dat-2-5243-1571381231.jpg?w=1020&h=0&q=100&dpr=1&fit=crop&s=YFN9R09FC-mTJWknlo9qoA
141,hứa vĩ văn,https://vi.wikipedia.org/wiki/H%E1%BB%A9a_V%C4%A9_V%C4%83n,Hứa Vĩ Văn,"25 tháng 12, 1979 (45 tuổi)",Việt Nam,Diễn viênNgười mẫuCa sĩ,2000 – nay,https://vi.wikipedia.org/wiki/T%E1%BA%ADp_tin:HuaViVan1979.jpg
142,hữu khang,,Huỳnh Hữu Khang,2009,Việt Nam,Diễn viên nhí ,2009 - nay,
143,hữu tiến,,Hữu Tiến,1970,Việt Nam,"Diễn viên, Đạo diễn, Giảng viên",1990s - nay ,
144,hữu vi,,Nguyễn Hữu Vi,"10 tháng 3, 1992",Việt Nam,"Diễn viên, Người mẫu, MC",2008 - nay,
145,isaac,https://vi.wikipedia.org/wiki/Isaac,Phạm Lưu Tuấn Tài,13 tháng 6 năm 1988.,Việt Nam,"Ca sĩ, diễn viên",2010-nay,https://images2.thanhnien.vn/528068263637045248/2024/8/31/isaactretrungdientrai14-17250882439122077648606.png
146,johnny trí nguyễn,https://vi.wikipedia.org/wiki/Johnny_Tr%C3%AD_Nguy%E1%BB%85n,Nguyễn Chánh Minh Trí," 16 tháng 1, 1974",Hoa Kỳ; Việt Nam,"Diễn viên, Võ sư",1994–nay,https://vi.wikipedia.org/wiki/T%E1%BA%ADp_tin:Johhnny_Tri_Nguyen.jpg
147,juliet bảo ngọc,,Juliet Bảo Ngọc Doling,2002,Việt Nam/Úc,Diễn viên,2022 - nay,
148,jun vũ,https://vi.wikipedia.org/wiki/Jun_V%C5%A9,Vũ Phương Anh,"4 tháng 6, 1995 (30 tuổi)",Việt Nam,Diễn viên Người dẫn chương trình Người mẫu,2014–nay,https://vi.wikipedia.org/wiki/T%E1%BA%ADp_tin:Jun_V%C5%A9_in_Ch%E1%BB%8Dn_%C4%90%C3%A2u_Cho_%C4%90%C3%BAng_(2).png
149,jung ll-woo,,Jung Il-woo,"9 tháng 9, 1987",Hàn Quốc,Diễn viên,2006 - nay,
150,kaity nguyễn,https://vi.wikipedia.org/wiki/Kaity_Nguy%E1%BB%85n,Nguyễn Ngọc Bình An," 9 tháng 4, 1999 (26 tuổi)",Hoa Kỳ; Việt Nam[1],Diễn viênNgười mẫu,2017–nay,https://vi.wikipedia.org/wiki/T%E1%BA%ADp_tin:KAITY_NGUY%E1%BB%84N_2025.jpg
151,karen nguyễn,,Nguyễn Kiều Diễm,4/12/1993,Việt Nam,"diễn viên, người mẫu tự do ",,
152,karik,https://vi.wikipedia.org/wiki/Karik,Phạm Hoàng Khoa," 12 tháng 4, 1989",Việt Nam,"Rapper, Nhạc sĩ, Diễn viên",2008–nay,https://vi.wikipedia.org/wiki/T%E1%BA%ADp_tin:KARIK_Rapper.jpg
153,katleen phan võ,,Katleen Phan Võ,1997,Việt Nam/Canada,Diễn viên,2019 - nay,
154,kay trần,https://vi.wikipedia.org/wiki/Kay_Tr%E1%BA%A7n,Trần Anh Khoa,"6 tháng 5, 1994",Việt Nam,"Ca sĩ, Nhạc sĩ, Rapper, Vũ công, Diễn viên",,https://vi.wikipedia.org/wiki/T%E1%BA%ADp_tin:Kay_Tr%E1%BA%A7n_ATVNCG2024_(cropped).jpg
155,Khazsak,,,,,,,
156,khánh hiền,,Bùi Thị Ngọc Hiền,"18 tháng 5, 1991 (34 tuổi)",Việt Nam,Diễn viênNgười mẫuNhà hoạt động từ thiện,2010 – nay,
157,khánh ly,,,,Việt Nam,Diễn viên, 2025 - nay ,
158,khánh vân,,Đỗ Khánh Vân,"30 tháng 9, 1995",Việt Nam,Diễn viên,,
159,khương lê,,,,Việt Nam,Diễn viên,,
160,khương ngọc,https://vi.wikipedia.org/wiki/Kh%C6%B0%C6%A1ng_Ng%E1%BB%8Dc,Huỳnh Quang Ngọc,"26 tháng 7, 1984",Việt Nam,"Diễn viên, Người dẫn chương trình, Nhạc sĩ, Ca sĩ, Nhà làm phim",2003–nay,https://vi.wikipedia.org/wiki/T%E1%BA%ADp_tin:KHUONG_NGOC_2021.jpg
161,khả ngân,https://vi.wikipedia.org/wiki/Kh%E1%BA%A3_Ng%C3%A2n,Trần Thị Kim Ngân,"31 tháng 7, 1997 (28 tuổi)",Việt Nam,Diễn viênNgười mẫu,2012–nay[2],https://vi.wikipedia.org/wiki/T%E1%BA%ADp_tin:Kh%E1%BA%A3_Ng%C3%A2n.png
162,khả như,https://vi.wikipedia.org/wiki/Kh%E1%BA%A3_Nh%C6%B0,Trần Khả Như," 16 tháng 3, 1987 (38 tuổi)",Việt Nam,Diễn viênNgười dẫn chương trình,2008 – nay,https://vi.wikipedia.org/wiki/T%E1%BA%ADp_tin:Kh%E1%BA%A3_Nh%C6%B0.png
163,kiều diễm,,,,Việt Nam,Diễn viên,,
164,Kim Hải,,,,,,,
165,Kim Phương,,,,,,,
166,kim tử long,https://vi.wikipedia.org/wiki/Kim_T%E1%BB%AD_Long,Hoàng Kim Long," 17 tháng 10, 1966 ",Việt Nam,Diễn viênNghệ sĩ cải lương,1990 – nay,https://vi.wikipedia.org/wiki/T%E1%BA%ADp_tin:Kim_T%E1%BB%AD_Long.jpg
167,kiến an,https://vi.wikipedia.org/wiki/Hu%E1%BB%B3nh_Ki%E1%BA%BFn_An,Huỳnh Kiến An,"4 tháng 10, 1959",Việt Nam,Diễn viên,2004 - nay,
168,kiều anh,https://vi.wikipedia.org/wiki/Ki%E1%BB%81u_Anh,Nguyễn Thị Kiều Anh,"16 tháng 12, 1981",Việt Nam,Nghệ sĩ múaDiễn viên truyền hìnhDiễn viên điện ảnhĐạo diễn sân khấuDẫn chương trình,,https://vi.wikipedia.org/wiki/T%E1%BA%ADp_tin:KieuAnh1981.png
169,kiều minh tuấn,https://vi.wikipedia.org/wiki/Ki%E1%BB%81u_Minh_Tu%E1%BA%A5n,Kiều Minh Tuấn,"26 tháng 2, 1988 (37 tuổi)",Việt Nam,Diễn viên,2010 – nay,https://vi.wikipedia.org/wiki/T%E1%BA%ADp_tin:KIEU_MINH_TUAN.jpg
170,kiều oanh,https://vi.wikipedia.org/wiki/Ki%E1%BB%81u_Oanh,Nguyễn Kiều Oanh," 20 tháng 10, 1974",Việt Nam,Diễn viên hài; Diễn viên điện ảnh; Diễn viên kịch; Nghệ sĩ cải lương (trước kia),1995 - nay,
171,kiều trinh,,Nguyễn Kiều Trinh,"19 tháng 4, 1977",Việt Nam,"Diễn viên, Nhà thiết kế",2000s - nay,
172,kỳ duyên,,Nguyễn Cao Kỳ Duyên,"13 tháng 11, 1996",Việt Nam,"Người mẫu, Diễn viên, MC",2014 - nay,
173,la thành,https://vi.wikipedia.org/wiki/La_Th%C3%A0nh,La Tấn Thành,6/11/1987,Việt Nam,,,
174,lan phương,,Nguyễn Lan Phương,"5 tháng 3, 1983",Việt Nam,"Diễn viên, MC",2003 - nay,
175,lan thy,,Phạm Nguyễn Lan Thy,1998,Việt Nam,"Diễn viên, Người mẫu", 2020 - nay,
176,lee kwang soo,https://vi.wikipedia.org/wiki/Lee_Kwang-soo,Lee Kwang Soo,"14 tháng 7, 1985 ",Hàn Quốc,"Diễn viên, Nghệ sĩ giải trí, Người mẫu",2007–nay,https://vi.wikipedia.org/wiki/T%E1%BA%ADp_tin:211126_Lee_Kwang-soo.jpg
177,long hoàng,,Tạ Hoàng Long,2003,Việt Nam,"Diễn viên, Hot teen, Ca sĩ",2017 - nay,
178,long đẹp trai,,Vũ Văn Long ,1976,Việt Nam,"Diễn viên hài, Điện ảnh",2010s - nay,
179,lâm hoàng oanh,,,,Việt Nam,Diễn viên,,
180,lâm nguyễn,,,,Việt Nam,Diễn viên,,
181,lâm thanh mỹ,,Lâm Thanh Mỹ,2005,Việt Nam,Diễn viên (diễn viên nhí),2008 - nay,
182,lâm thanh nhã,,Lâm Thanh Nhã,,Việt Nam,Diễn viên,2020s - nay,
183,lâm vỹ dạ,https://vi.wikipedia.org/wiki/L%C3%A2m_V%E1%BB%B9_D%E1%BA%A1,Lê Thị Vỹ Dạ," 1 tháng 9, 1989",Việt Nam,Diễn viênNghệ sĩ hàiNgười dẫn chương trình,2005 – nay,https://cdnphoto.dantri.com.vn/_Ab63MjYQFnVjjTF3I-TP1VuCgY=/thumb_w/1360/2023/11/08/3983734966943425259723905212344207470154690n-1699432063988.jpeg
184,lãnh thanh,https://vi.wikipedia.org/w/index.php?title=L%C3%A3nh_Thanh&action=edit&redlink=1,Hoàng Văn Thanh,1993,Việt Nam,Diễn viên,,https://35express.org/wp-content/uploads/2021/03/chi-tiet-tieu-su-lanh-thanh-la-35express.jpg.webp
185,lâm bích trâm,,,,Việt Nam,Diễn viên,,
186,lê anh huy,,Lê Anh Huy,1989,Việt Nam/Mỹ,"Diễn viên, Người mẫu", 2013 - nay ,
187,lê bê la,https://vi.wikipedia.org/wiki/L%C3%AA_B%C3%AA_La,Lê Thị Bê La,"20 tháng 10, 1987",Việt Nam,"Diễn viên, Ca sĩ",2007 – nay,https://vi.wikipedia.org/wiki/T%E1%BA%ADp_tin:LeBeLa1987.jpg
188,lê chí anh,,,,Việt Nam,Diễn viên,,
189,lê dương bảo lâm,https://vi.wikipedia.org/wiki/L%C3%AA_D%C6%B0%C6%A1ng_B%E1%BA%A3o_L%C3%A2m,Lê Dương Bảo Lâm,"11 tháng 7, 1989 (36 tuổi); Đồng Nai, Việt Nam",Việt Nam,Diễn viênNghệ sĩ hàiNgười dẫn chương trình,2010 – nay,https://vi.wikipedia.org/wiki/T%E1%BA%ADp_tin:Duong_Lam_2020.jpg
190,lê giang,https://vi.wikipedia.org/wiki/L%C3%AA_Giang,Nguyễn Thị Lê Giang,"Nguyễn Thị Lê Giang; 2 tháng 11, 1972 (52 tuổi)[1]; Vĩnh Long, Việt Nam Cộng hòa",Việt Nam,Diễn viênNghệ sĩ hàiNghệ sĩ cải lương,1987–nay,https://vi.wikipedia.org/wiki/T%E1%BA%ADp_tin:L%C3%AA_Giang.png
191,lê khánh,https://vi.wikipedia.org/wiki/L%C3%AA_Kh%C3%A1nh,Lê Kim Khánh,"24 tháng 12, 1981",Việt Nam,Diễn viênNgười dẫn chương trình,2002 – nay,https://vi.wikipedia.org/wiki/T%E1%BA%ADp_tin:L%C3%AA_Kh%C3%A1nh_3_cropped.jpg
192,lê lộc,,Huỳnh Lê Lộc,1995,Việt Nam,"Diễn viên hài, Kịch, Điện ảnh",2000 - nay,
193,lê phong vũ,,Lê Phong Vũ,2000,Việt Nam,Diễn viên,2023 - nay,
194,lê phương,https://vi.wikipedia.org/wiki/L%C3%AA_Ph%C6%B0%C6%A1ng_(di%E1%BB%85n_vi%C3%AAn),Trang Dương Lê Phương,"28 tháng 8, 1985 ",Việt Nam,Diễn viênNgười mẫuCa sĩ,2006–nay,https://vi.wikipedia.org/wiki/T%E1%BA%ADp_tin:L%C3%8A_PH%C6%AF%C6%A0NG_2023_(cropped).jpg
195,lê quang vinh,,Lê Quang Vinh,,Việt Nam,Diễn viên,2020s - nay,
196,lê quốc nam,,Lê Quốc Nam,,Việt Nam,"Diễn viên, Đạo diễn kịch, Hài kịch	",1990 - nay,
197,lê tam triều dâng,,Lê Tam Triều Dâng,"10 tháng 7, 1998",Việt Nam,"Diễn viên, Người mẫu",2010s - nay,
198,lê thu,,Lê Thu,1996,Việt Nam,"Diễn viên, Người mẫu",2016 - nay,
199,lê thu an,https://vi.wikipedia.org/w/index.php?title=L%C3%AA_Thu_An&action=edit&redlink=1,,,,,,
200,Lê Trang,,Lê Trang,1991,,,,
201,lê tuấn khang,,Lê Tuấn Khang,,Việt Nam,"Diễn viên, Tiktoker", 2025 - nay ,
202,lê văn anh,,,,Việt Nam,Diễn viên ,2001 - nay,
203,lê xuân tiền,,Lê Xuân Tiền,"20 tháng 10,1996 ",Việt Nam,"Người mẫu, Diễn viên",,https://doanhnhanonline.com.vn/wp-content/uploads/2022/07/le-xuan-tien-chang-tho-ntk-do-manh-cuong.jpg
204,lý hạo mạnh quỳnh,,Lý Hạo Mạnh Quỳnh (Quỳnh Lý),1995,Việt Nam,"Diễn viên hài, Điện ảnh",2010s - nay,
205,lý hồng ân,,Lý Hồng Ân,"19 tháng 11, 1997",Việt Nam,Diễn viên,,
206,Lươn An vũ,,,,Việt Nam,Diễn viên,,
207,lương bích hữu,https://vi.wikipedia.org/wiki/L%C6%B0%C6%A1ng_B%C3%ADch_H%E1%BB%AFu,Lương Bích Hảo[1]," 1 tháng 9, 1984",Việt Nam,Ca sĩNgười mẫuDiễn viênNhạc sĩ,,https://vi.wikipedia.org/wiki/T%E1%BA%ADp_tin:L%C6%B0%C6%A1ng_B%C3%ADch_H%E1%BB%AFu_2022.jpg
208,lương gia huy,,Lương Gia Huy (Tony Leung Ka-fai),"1 tháng 2, 1958",Hồng Kông (Gốc Hoa),Diễn viên điện ảnh,1981 - nay,
209,lệ hằng,,Bùi Thị Lệ Hằng,1975,Việt Nam,Diễn viên,1997 - 2012,
210,lộ lộ,,,,Việt Nam,Diễn viên,,
211,lợi trần,,Lợi Trần,1990,Việt Nam,"Diễn viên hành động, Võ sĩ",2010s - nay,https://nguoinoitieng.tv/images/nnt/103/0/bgza.jpg
212,mlee,,Quách Tapiau Mai Ly. ,,Việt Nam,"ca sĩ, diễn viên, dancer, người mẫu",2010s - nay,
213,mono,https://vi.wikipedia.org/wiki/Mono_(ca_s%C4%A9),Nguyễn Việt Hoàng," 21 tháng 1, 2000 ",Việt Nam,Ca sĩ kiêm sáng tác nhạc,,"https://vi.wikipedia.org/wiki/T%E1%BA%ADp_tin:22,_album_c%E1%BB%A7a_Mono,_2022.jpg"
214,ma ran tô,,Ma Ran Đô,"31 tháng 12, 1997",Việt Nam,"Diễn viên, Người mẫu",2020s - nay,
215,Mai Chí,,,,Việt Nam,Diễn viên,,
216,mai bích trâm,,Mai Bích Trâm,1997,Việt Nam,"Diễn viên, Người mẫu", 2013 - nay,
217,mai cát vi,,Mai Cát Vi,2009,Việt Nam,Diễn viên (diễn viên nhí),2018 - nay,
218,mai long,,Nguyễn Mai Long,,Việt Nam,"Diễn viên, đạo diễn, MC, biên kịch",,https://danviet.ex-cdn.com/resize/800x550/files/f1/296231569849192448/2023/8/31/cham-vao-hanh-phuc-4-16934655784061604884990-271-993-859-1934-crop-16934659151801190890651.jpg
219,mai sơn lâm,,Mai Sơn Lâm,1972,Việt Nam,Diễn viên,2000s - nay,
220,mai thu huyền,https://vi.wikipedia.org/wiki/Mai_Thu_Huy%E1%BB%81n,Mai Thu Huyền,"8 tháng 3, 1979 ",Việt Nam,Diễn viênNgười mẫuDoanh nhânNgười dẫn chương trìnhNhà làm phim,1995 – nay,https://vi.wikipedia.org/wiki/T%E1%BA%ADp_tin:MaiThuHuyen1979.jpg
221,mai thuý vy,,,,Việt Nam,Diễn viên,,
222,mai thế hiệp,https://vi.wikipedia.org/wiki/Mai_Th%E1%BA%BF_Hi%E1%BB%87p,Mai Thế Hiệp," 9 tháng 12, 1970 (54 tuổi)",Việt Nam,Diễn viên; Đạo diễn; Nhà biên kịch; Nhà sản xuất,1996 – nay,
223,mai tài phến,https://vi.wikipedia.org/wiki/Mai_T%C3%A0i_Ph%E1%BA%BFn,Mai Đại Bình," 25 tháng 5, 1991",Việt Nam,Diễn viên,2017–nay,https://vi.wikipedia.org/wiki/T%E1%BA%ADp_tin:MAI_T%C3%80I_PH%E1%BA%BEN_-_SONG_OF_THE_SOUTH_PREMIERE_-_SEPTEMBER_2023.jpg
224,mai xuân thành,,,,Việt Nam,Diễn viên,,
225,maya,https://vi.wikipedia.org/wiki/Maya_(di%E1%BB%85n_vi%C3%AAn),Mai Thu Hường,"13 tháng 7, 1988",Việt Nam,Ca sĩ; Người mẫu; Diễn viên,,
226,midu,https://vi.wikipedia.org/wiki/Midu,Đặng Thị Mỹ Dung,"Đặng Thị Mỹ Dung; 5 tháng 10, 1989 (35 tuổi); Thành phố Hồ Chí Minh, Việt Nam",Việt Nam,Diễn viênNgười mẫu,2007 – nay,https://vi.wikipedia.org/wiki/T%E1%BA%ADp_tin:Midu_Um_Ba_La_Ra_Chu_Gi_2019(2).png
227,mie,,Trương Tiểu My,"7 tháng 12, 1995",Việt Nam,"Dj, Diễn viên",,
228,minh beta,,Bùi Quang Minh,"20 tháng 11, 1983",Việt Nam,"Doanh nhân, Sáng tác nhạc, Nhà sản xuất phim",2010s - nay,
229,minh dự,,,,Việt Nam,"Diễn viên hài, Sân khấu",2015 - nay,
230,minh hoàng,,,,Việt Nam,Diễn viên,,
231,minh hoa,,,,Việt Nam,Diễn viên,,
232,minh hằng,https://vi.wikipedia.org/wiki/Minh_H%E1%BA%B1ng,Lê Ngọc Minh Hằng,"22 tháng 6, 1987 (38 tuổi)",Việt Nam,Ca sĩDiễn viên,2003-nay,https://vi.wikipedia.org/wiki/T%E1%BA%ADp_tin:Minh_Hang_2017.png
233,minh khang,,Minh Khang,1993,Việt Nam,Diễn viên,,
234,minh luân,https://vi.wikipedia.org/wiki/Minh_Lu%C3%A2n,Phạm Minh Luân," 11 tháng 8, 1985",Việt Nam,Diễn viênCa sĩ,2008 – nay,https://vi.wikipedia.org/wiki/T%E1%BA%ADp_tin:MinhLuan1985.jpg
235,minh thảo,,,1988,Việt Nam,Diễn viên,2007 - nay,
236,minh đức,,Đỗ Thị Đức,"5 tháng 9, 1943",Việt Nam,Diễn viên điện ảnh,1962 - nay,
237,miss thy,,Lê Thy Ngọc (MisThy),"12 tháng 11, 1995",Việt Nam,"Streamer, YouTuber, Diễn viên",2016 - nay,
238,miu lê,https://vi.wikipedia.org/wiki/Miu_L%C3%AA,Lê Ánh Nhật," 5 tháng 7, 1991",Việt Nam,"Ca sĩ, Diễn viên",2009–nay,https://vi.wikipedia.org/wiki/T%E1%BA%ADp_tin:MIU_L%C3%8A_1.jpg
239,mr kim,,Kim Hye-soo,"5 tháng 9, 1970",Hàn Quốc,Nữ diễn viên,1985 – nay,
240,mạc can,https://vi.wikipedia.org/wiki/M%E1%BA%A1c_Can,,"14 tháng 4, 1945 (80 tuổi); Sài Gòn, Liên bang Đông Dương",Việt Nam,Diễn viên điện ảnh; Diễn viên hài; Nhà văn; Nhà ảo thuật; Dẫn chương trình,Thập niên 1964 - nay,https://vi.wikipedia.org/wiki/T%E1%BA%ADp_tin:Maccan2.jpg
241,mạc trung kiên,https://vi.wikipedia.org/wiki/M%E1%BA%A1c_Trung_Ki%C3%AAn,Mạc Trung Kiên,"13 tháng 6, 1996",Việt Nam,Người mẫu; Người mẫu ảnh,,
242,mạc văn khoa,https://vi.wikipedia.org/wiki/M%E1%BA%A1c_V%C4%83n_Khoa,Mạc Văn Khoa," 4 tháng 5, 1992 (33 tuổi)",Việt Nam,Diễn viênNghệ sĩ hài,2015 – nay,https://vi.wikipedia.org/wiki/T%E1%BA%ADp_tin:MAC_VAN_KHOA_2023.jpg
243,mạnh cường,,Trần Mạnh Cường,"4 tháng 9, 1960",Việt Nam,"Diễn viên, Nghệ sĩ Nhân dân",1988 – nay,
244,mộc trà,,Cadie Mộc Trà,2014,Việt Nam - Mỹ,Diễn viên nhí,2014 - nay,
245,mỹ tâm,https://vi.wikipedia.org/wiki/M%E1%BB%B9_T%C3%A2m,Phan Thị Mỹ Tâm,"Phan Thị Mỹ Tâm; 16 tháng 1, 1981 (44 tuổi); Đà Nẵng, Việt Nam",Việt Nam,Ca sĩ kiêm nhạc sĩ sáng tác bài hát Diễn viên Nhà làm phim,1999[1]–nay,https://vi.wikipedia.org/wiki/T%E1%BA%ADp_tin:MY_TAM_-_LIGHT_%26_SHADOW_LIVE_-_INAX_VIETNAM.jpg
246,ns viết liên,,,,Việt Nam,Diễn viên,,
247,nsnd hoàng dũng,https://vi.wikipedia.org/wiki/Ho%C3%A0ng_D%C5%A9ng,Hoàng Tiến Dũng,"31 tháng 12, 1956 ",Việt Nam,,1983 – 2021,https://vi.wikipedia.org/wiki/T%E1%BA%ADp_tin:Hoang_dung.jpg
248,nsnd hồng vân,https://vi.wikipedia.org/wiki/H%E1%BB%93ng_V%C3%A2n_(di%E1%BB%85n_vi%C3%AAn),Ngô Đặng Hồng Vân," 26 tháng 5, 1966 (59 tuổi)",Việt Nam,Diễn viênĐạo diễn sân khấuNhà sản xuấtDoanh nhân,1989 – nay,https://vi.wikipedia.org/wiki/T%E1%BA%ADp_tin:HongVan1966.jpg
249,nsnd kim xuân,https://vi.wikipedia.org/wiki/Kim_Xu%C3%A2n,Châu Thị Kim Xuân,"26 tháng 8, 1956 (69 tuổi)",Việt Nam,Diễn viên điện ảnh,1970 – nay,https://vi.wikipedia.org/wiki/T%E1%BA%ADp_tin:KIM_XUAN_-_GMTQ_2020.jpg
250,nsnd lê khanh,https://vi.wikipedia.org/wiki/L%C3%AA_Khanh,Trần Mai Khanh,"14 tháng 7, 1963 (62 tuổi)",Việt Nam,Diễn viên sân khấudiễn viên điện ảnhdiễn viên truyền hìnhđạo diễnngười mẫu,1970 – nay,https://vi.wikipedia.org/wiki/T%E1%BA%ADp_tin:Lekhanh2_(cropped).jpg
251,nsnd mỹ uyên,,Đặng Thụy Mỹ Uyên,1975,Việt Nam,"Diễn viên kịch, Diễn viên điện ảnh, Đạo diễn sân khấu",1994 – nay,
252,nsnd ngọc giàu,https://vi.wikipedia.org/wiki/Ng%E1%BB%8Dc_Gi%C3%A0u,Phong Thị Ngọc Giàu,"13 tháng 12, 1945 (79 tuổi)",Việt Nam,Diễn viênNghệ sĩ cải lương,1956 – nay,https://vi.wikipedia.org/wiki/T%E1%BA%ADp_tin:Ng%E1%BB%8Dc_Gi%C3%A0u.png
253,nsnd ngọc thư,https://vi.wikipedia.org/wiki/Ng%E1%BB%8Dc_Th%C6%B0,Nguyễn Ngọc Thư,1965,Việt Nam,"Diễn viên, QUân nhân",,
254,nsnd như quỳnh,https://vi.wikipedia.org/wiki/Nh%C6%B0_Qu%E1%BB%B3nh_(di%E1%BB%85n_vi%C3%AAn),,,Việt Nam,,1973 – nay,https://vi.wikipedia.org/wiki/T%E1%BA%ADp_tin:Nhu_Quynh.jpg
255,nsnd thanh nam,https://vi.wikipedia.org/wiki/Thanh_Nam,Phạm Hoàng Nam,"17 tháng 8, 1958",Việt Nam,"Nghệ sĩ Cải lương, Diễn viên hài, Diễn viên điện ảnh",1975 – nay,
256,nsnd trung anh,https://vi.wikipedia.org/wiki/Trung_Anh,Bùi Trung Anh,"14 tháng 6, 1961",Việt Nam,"Kịch sĩ, Tài tử điện ảnh, truyền hình, Nghệ sĩ chuyển âm",1995 – nay,https://vi.wikipedia.org/wiki/T%E1%BA%ADp_tin:Trung_Anh.png
257,nsnd tự long,https://vi.wikipedia.org/wiki/T%E1%BB%B1_Long,Vũ Tự Long," 22 tháng 12, 1973 ",Việt Nam,Diễn viên,1998 – nay,https://vi.wikipedia.org/wiki/T%E1%BA%ADp_tin:T%E1%BB%B1_Long_2021.jpg
258,nsnd việt anh,https://vi.wikipedia.org/wiki/Vi%E1%BB%87t_Anh_(ngh%E1%BB%87_s%C4%A9),Nguyễn Văn Liêm," 11 tháng 6, 1958 (67 tuổi)",Việt Nam,Diễn viên,1974 – nay,https://vi.wikipedia.org/wiki/T%E1%BA%ADp_tin:NSND_Viet_Anh_2025.png
259,nsnd đào bá sơn,https://vi.wikipedia.org/wiki/%C4%90%C3%A0o_B%C3%A1_S%C6%A1n,,"20 tháng 12, 1952",Việt Nam,Diễn viênĐạo diễn,1978 – nay,
260,nsưt cao minh,,,1961,Việt Nam,"Ca sĩ, Diễn viên",1978 – nay,
261,nsưt chiều xuân,https://vi.wikipedia.org/wiki/Chi%E1%BB%81u_Xu%C3%A2n,,,Việt Nam,"Nghệ sĩ Cải lương, Nhà giáo Ưu tú",Hơn 40 năm,
262,nsưt công ninh,https://vi.wikipedia.org/wiki/C%C3%B4ng_Ninh,Nguyễn Công Ninh," 28 tháng 1, 1962 ",Việt Nam,Diễn viên,1990 – nay,https://vi.wikipedia.org/wiki/T%E1%BA%ADp_tin:Cong_Ninh.jpg
263,nsưt diệu đức,,,,Việt Nam,,,
264,nsưt hoài linh,https://vi.wikipedia.org/wiki/Ho%C3%A0i_Linh,Võ Nguyễn Hoài Linh[1]," 18 tháng 12, 1969",Việt Nam,"Diễn viên, Nghệ sĩ hài",1987–nay,https://vi.wikipedia.org/wiki/T%E1%BA%ADp_tin:HoaiLinhin2020.jpg
265,nsưt hạnh thúy,https://vi.wikipedia.org/wiki/H%E1%BA%A1nh_Th%C3%BAy,Ngô Phạm Hạnh Thúy,"Ngô Phạm Hạnh Thúy; 26 tháng 11, 1976 (48 tuổi); Bến Tre, Việt Nam",Việt Nam,Diễn viênĐạo diễn sân khấuNhà biên kịch,1997 – nay,https://vi.wikipedia.org/wiki/T%E1%BA%ADp_tin:Hanh_thuy.jpg
266,nsưt hồ phong,https://vi.wikipedia.org/wiki/H%E1%BB%93_Phong_(%C4%91%E1%BB%8Bnh_h%C6%B0%E1%BB%9Bng),Hồ Quốc Phong,1972,Việt Nam,"Diễn viên, Trung tá công an ",,https://img.cand.com.vn/resize/800x800/NewFiles/Images/2022/05/26/NSUT_Ho_Phong_2-1653533456382.JPG
267,nsưt hữu châu,https://vi.wikipedia.org/wiki/H%E1%BB%AFu_Ch%C3%A2u,Nguyễn Hữu Châu,"22 tháng 1, 1966 (59 tuổi)",Việt Nam,Diễn viên,1985 – nay,https://vi.wikipedia.org/wiki/T%E1%BA%ADp_tin:Huu_Chau.JPG
268,nsưt hữu trọng,,,30 tháng 6 năm 1952,Việt Nam,Diễn viên,,
269,nsưt kim oanh,https://vi.wikipedia.org/wiki/Kim_Oanh_(di%E1%BB%85n_vi%C3%AAn),Đào Kim Oanh," 31 tháng 10, 1975",Việt Nam,Diễn viên,1998 – nay,https://cdnphoto.dantri.com.vn/jJOGyHFuGOyeNwUVmLRiUF_TUZc=/thumb_w/1020/2023/11/02/398002536101679318391153156365499929289416520n-1698940923059.jpg
270,nsưt kim phương,,,1953,Việt Nam,"Nghệ sĩ Cải lương, Diễn viên",1970s – nay,
271,nsưt kiều trinh,,,,Việt Nam,Diễn viên,,
272,nsưt lê thiện,https://vi.wikipedia.org/wiki/L%C3%AA_Thi%E1%BB%87n_(ngh%E1%BB%87_s%C4%A9),Tô Đặng Thị Thiện,"19 tháng 8, 1945",Việt Nam,Diễn viên sân khấu,1957 – nay,https://vi.wikipedia.org/wiki/T%E1%BA%ADp_tin:L%C3%AA_Thi%E1%BB%87n.png
273,nsưt mỹ duyên,https://vi.wikipedia.org/wiki/M%E1%BB%B9_Duy%C3%AAn,Lê Huỳnh Mỹ Duyên," 2 tháng 3, 1972 ",Việt Nam,Diễn viên,1990 – nay,https://vi.wikipedia.org/wiki/T%E1%BA%ADp_tin:M%E1%BB%B9_Duy%C3%AAn_2024.jpg
274,nsưt ngọc hiệp,https://vi.wikipedia.org/wiki/Ng%E1%BB%8Dc_Hi%E1%BB%87p_(di%E1%BB%85n_vi%C3%AAn),,,Việt Nam,,1987 – nay[2],https://vi.wikipedia.org/wiki/T%E1%BA%ADp_tin:Ngoc_hiep_dien_vien.jpg
275,nsưt quang thắng,https://vi.wikipedia.org/wiki/Quang_Th%E1%BA%AFng,Đặng Quang Thắng," 21 tháng 10, 1968",Việt Nam,Diễn viênNghệ sĩ hài,1989 – nay,https://vi.wikipedia.org/wiki/T%E1%BA%ADp_tin:QuangThang1968.png
276,nsưt quang tèo,https://vi.wikipedia.org/wiki/Quang_T%C3%A8o,Nguyễn Tiến Quang,"24 tháng 4, 1962",Việt Nam,Diễn viên,,https://vi.wikipedia.org/wiki/T%E1%BA%ADp_tin:Quang_T%C3%A8o.jpg
277,nsưt thành lộc,https://vi.wikipedia.org/wiki/Th%C3%A0nh_L%E1%BB%99c,Nguyễn Thành Lộc," 3 tháng 11, 1961 ",Việt Nam,Diễn viênDoanh nhânĐạo diễn sân khấu,1983 – nay,https://vi.wikipedia.org/wiki/T%E1%BA%ADp_tin:Th%C3%A0nh_L%E1%BB%99c.png
278,nsưt trung anh,https://vi.wikipedia.org/wiki/Trung_Anh,Bùi Trung Anh,"14 tháng 6, 1961 (64 tuổi) ",Việt Nam,,1995 – nay,https://vi.wikipedia.org/wiki/T%E1%BA%ADp_tin:Trung_Anh.png
279,nsưt tuyết thu,https://vi.wikipedia.org/wiki/Tuy%E1%BA%BFt_Thu,Liễu Thị Tuyết Thu,"17 tháng 9, 1971",Việt Nam,Diễn viên,2002–nay,https://vi.wikipedia.org/wiki/T%E1%BA%ADp_tin:Tuy%E1%BA%BFt_Thu.png
280,nsưt tú oanh,https://vi.wikipedia.org/wiki/T%C3%BA_Oanh,Lê Tú Oanh," 2 tháng 11, 1968 ",Việt Nam,Diễn viên,1990–nay,https://vi.wikipedia.org/wiki/T%E1%BA%ADp_tin:Tu_Oanh_from_%22Glorious_Ashes%22_at_Red_Carpet_of_the_Tokyo_International_Film_Festival_2022_(52461518003)_(cropped).jpg
281,nsưt việt anh,https://vi.wikipedia.org/wiki/Vi%E1%BB%87t_Anh_(ngh%E1%BB%87_s%C4%A9),Nguyễn Văn Liêm,"Nguyễn Văn Liêm; 11 tháng 6, 1958 (67 tuổi); Sài Gòn, Việt Nam Cộng hòa",Việt Nam,Diễn viên,1974 – nay,https://vi.wikipedia.org/wiki/T%E1%BA%ADp_tin:NSND_Viet_Anh_2025.png
282,nsưt xuân trang,,,,Việt Nam,,,
283,nsưt đới anh quân,,Đới Anh Quân,1977,Việt Nam,"Diễn viên,  Trung tá, Phó Giám đốc Nhà hát Kịch nói Quân đội. ",,https://hnm.1cdn.vn/2022/11/11/nhipsonghanoi.hanoimoi.com.vn-uploads-images-phananh-2022-11-10-_phim4.jpg
284,nam em,,Nguyễn Thị Lệ Nam Em,"15 tháng 1, 1996 ",Việt Nam,Người mẫuDiễn viênCa sĩ,2014–nay,
285,nam long,https://vi.wikipedia.org/wiki/Nam_Long,,,Việt Nam,,2020 – nay,
286,nam nam,,,,Việt Nam,Diễn viên ,,
287,nam thư,https://vi.wikipedia.org/wiki/Nam_Th%C6%B0,Trần Thị Nam Thư," 9 tháng 12, 1987 ",Việt Nam,Diễn viênNgười dẫn chương trìnhNhà làm phim,2007 – nay,https://vi.wikipedia.org/wiki/T%E1%BA%ADp_tin:Namthu2022.jpg
288,nanon korapat,,Korapat Kirdpan,"18 tháng 12, 2000",Thái Lan	,Diễn viên,2016 – nay,
289,naomi,,Naomi Roestel Huỳnh,1996,Việt Nam - Đức,"Diễn viên, Người mẫu",2010s – nay,
290,neko bảo tiên,,,,Việt Nam,,,
291,nghinh lộc,,Huỳnh Thị Kim Liên,"31 tháng 8, 1987",Việt Nam,Diễn viên,,
292,nghệ sĩ viết liên,,Viết Liên,"18 tháng 6,1946",Việt Nam,Diễn viên,,https://nguoiduatin.mediacdn.vn/media/dinh-lac-thanh/2021/01/06/vang3.jpg
293,nguyên thảo,,Huỳnh Thới Ngọc Thảo,1994,Việt Nam,"Diễn viên hài, Điện ảnh",2010s – nay,
294,nguyễn anh tú,,Nguyễn Anh Tú,"30 tháng 5, 1992",Việt Nam,Ca sĩ,2017 – nay,
295,nguyễn diệu thúy,,Nguyễn Diệu Thúy,2001,Việt Nam,"Mẫu ảnh, diễn viên tự do",,https://i1-giaitri.vnecdn.net/2024/02/26/5da-o-pho-va-piano-1708949429.jpg?w=1200&h=0&q=100&dpr=2&fit=crop&s=cD9MhpgjSt0j-9hiZ5FjQQ
296,nguyễn hữu tiến,,Nguyễn Hữu Tiến.,1973,Việt Nam,Diễn viên,,
297,nguyễn lâm thảo tâm,,Nguyễn Lâm Thảo Tâm,2000,Việt Nam,"Diễn viên, Hot girl IELTS, MC",2017 – nay,
298,nguyễn minh hà,,Nguyễn Minh Hà,1999,Việt Nam,"Người mẫu, Diễn viên",2017 – nay,
299,nguyễn phước lộc,,Nguyễn Phước Lộc,,Việt Nam,Nhà sáng tạo nội dung (Phước Lộc Gaming),2020s – nay,
300,nguyễn quốc hùng,,Nguyễn Quốc Hùng,"9 tháng 9, 1999",Việt Nam,"Ca sĩ, Diễn viên, Sáng tác nhạc",2023 – nay,
301,nguyễn sĩ hậu,,,,Việt Nam,,,
302,nguyễn thanh vân,,Nguyễn Thanh Vân,"19 tháng 7, 1962",Việt Nam,Đạo diễn (NSND),1988 – nay,
303,nguyễn thùy anh,,Nguyễn Thùy Anh,"3 tháng 2, 1995",Việt Nam,Diễn viên,2009 – nay,
304,nguyễn thúc thùy tiên,https://vi.wikipedia.org/wiki/Nguy%E1%BB%85n_Th%C3%BAc_Th%C3%B9y_Ti%C3%AAn,,"12 tháng 8, 1998 ",Việt Nam,"Người mẫu, Nhân vật truyền hình",2017–2025[a],https://vi.wikipedia.org/wiki/T%E1%BA%ADp_tin:Nguyen_Thuc_Thuy_Tien_2024.jpg
305,nguyễn thị trúc quỳnh,,,,Việt Nam,,,
306,nguyễn thịnh,,,,Việt Nam,,,
307,nguyễn văn toàn,,,,Việt Nam,,,
308,nguyễn xuân thắng,,,,Việt Nam,,,
309,nguyễn đức anh,,,,Việt Nam,,,
310,nguyệt hằng,https://vi.wikipedia.org/wiki/Nguy%E1%BB%87t_H%E1%BA%B1ng,,,Việt Nam,,,
311,ngân chi,https://vi.wikipedia.org/wiki/Ng%C3%A2n_Chi,,,Việt Nam,,2016 – nay,
312,ngân chi,,Nguyễn Ngọc Ngân Chi,2011,Việt Nam,"Diễn viên, người mẫu nhí",,
313,ngân quỳnh,https://vi.wikipedia.org/wiki/Ng%C3%A2n_Qu%E1%BB%B3nh,,,Việt Nam,,2002 - nay,
314,ngân thảo,,,,Việt Nam,,,
315,ngô kiến huy,https://vi.wikipedia.org/wiki/Ng%C3%B4_Ki%E1%BA%BFn_Huy,Lê Thành Dương,"29 tháng 6, 1988 (37 tuổi)",Việt Nam,Ca sĩDiễn viênNgười dẫn chương trình,2008–nay,https://vi.wikipedia.org/wiki/T%E1%BA%ADp_tin:Ng%C3%B4_Ki%E1%BA%BFn_Huy_hosting_B%E1%BB%99_3_Si%C3%AAu_%C4%90%E1%BA%B3ng_SS2_EP13_(cropped).jpg
316,ngô tiến thành,,,,Việt Nam,,,
317,ngọc giàu,https://vi.wikipedia.org/wiki/Ng%E1%BB%8Dc_Gi%C3%A0u,Phong Thị Ngọc Giàu,"13 tháng 12, 1945 (79 tuổi)",Việt Nam,Diễn viênNghệ sĩ cải lương,1956 – nay,https://vi.wikipedia.org/wiki/T%E1%BA%ADp_tin:Ng%E1%BB%8Dc_Gi%C3%A0u.png
318,ngọc hoa,,,,Việt Nam,,,
319,ngọc hồ,,,,Việt Nam,,,https://www.elleman.vn/app/uploads/ngoc-ho-1-_elleman-.jpg
320,ngọc lan vy,,,,Việt Nam,,,
321,ngọc nga,,,,Việt Nam,,,
322,ngọc phước,,,,Việt Nam,,,
323,ngọc phước,https://vi.wikipedia.org/w/index.php?title=Ng%E1%BB%8Dc_Ph%C6%B0%E1%BB%9Bc&action=edit&redlink=1,,,Việt Nam,,,
324,ngọc trai,https://vi.wikipedia.org/wiki/V%C3%B5_Ng%E1%BB%8Dc_Trai,,,Việt Nam,,2001 – nay,https://vi.wikipedia.org/wiki/T%E1%BA%ADp_tin:V%C3%B5_Ng%E1%BB%8Dc_Trai.png
325,ngọc trinh,https://vi.wikipedia.org/wiki/Ng%E1%BB%8Dc_Trinh_(ng%C6%B0%E1%BB%9Di_m%E1%BA%ABu),Trần Thị Ngọc Trinh,"Trần Thị Ngọc Trinh; 27 tháng 9, 1989 (35 tuổi); Cầu Quan, Tiểu Cần, Trà Vinh, Việt Nam",Việt Nam,Người mẫuDiễn viênDoanh nhân,2005–nay,https://vi.wikipedia.org/wiki/T%E1%BA%ADp_tin:Ngoc_Trinh_va_Fan_(cropped).png
326,ngọc tưởng,,Nguyễn Ngọc Tưởng,"22 tháng 3, 1981",Việt Nam,,,
327,ngọc xuân,,Ngọc Xuân,1999,Việt Nam,,,
328,ngọc ánh,https://vi.wikipedia.org/wiki/Ng%E1%BB%8Dc_%C3%81nh,Trương Thị Ngọc Ánh,"20 tháng 6, 1964 ",Việt Nam,Ca sĩ,1985–nay,
329,ngọc ánh,,,,Việt Nam,,,
330,nhã phương,https://vi.wikipedia.org/wiki/Nh%C3%A3_Ph%C6%B0%C6%A1ng_(di%E1%BB%85n_vi%C3%AAn),Trần Thị Nhã Phương,"20 tháng 5, 1990 (35 tuổi)",Việt Nam,Diễn viên,2009–nay,https://vi.wikipedia.org/wiki/T%E1%BA%ADp_tin:Nha_Phuong.png
331,nhã uyên,https://vi.wikipedia.org/wiki/Nh%C3%A3_Uy%C3%AAn_(di%E1%BB%85n_vi%C3%AAn),,,Việt Nam,,,
332,nhất duy,,,,,,,
333,nhật kim anh,https://vi.wikipedia.org/wiki/Nh%E1%BA%ADt_Kim_Anh,Đỗ Thị Kim Huê,"Đỗ Thị Kim Huê; 15 tháng 8, 1985 (40 tuổi); Thanh Hóa, Việt Nam",Việt Nam,Ca sĩDiễn viên,2001–nay,https://vi.wikipedia.org/wiki/T%E1%BA%ADp_tin:NH%E1%BA%ACT_KIM_ANH.jpg
334,nhật linh,,,,,,,
335,nhật trung,https://vi.wikipedia.org/wiki/Nh%E1%BA%ADt_Trung_(%C4%91%E1%BA%A1o_di%E1%BB%85n),Nguyễn Nhật Trung,"Nguyễn Nhật Trung; 8 tháng 1, 1972 (53 tuổi); Bình Định, Việt Nam",,Diễn viênđạo diễn,1995 – nay,https://vi.wikipedia.org/wiki/T%E1%BA%ADp_tin:NHAT_TRUNG_2023_P1.jpg
336,nhật ý,,,,Việt Nam,,,
337,ninh dương lan ngọc,https://vi.wikipedia.org/wiki/Ninh_D%C6%B0%C6%A1ng_Lan_Ng%E1%BB%8Dc,Ninh Dương Lan Ngọc,"4 tháng 4, 1990 (35 tuổi)",Việt Nam,Diễn viên,2009–nay,https://vi.wikipedia.org/wiki/T%E1%BA%ADp_tin:Ninh_D%C6%B0%C6%A1ng_Lan_Ng%E1%BB%8Dc_trong_M%E1%BB%91i_T%C3%ACnh_%C4%90%E1%BA%A7u_C%E1%BB%A7a_T%C3%B4i.png
338,oanh kiều,https://vi.wikipedia.org/wiki/Oanh_Ki%E1%BB%81u,Oanh Kiều,"5 tháng 1, 1989 (36 tuổi)",Việt Nam,Diễn viên,2011–nay,https://vi.wikipedia.org/wiki/T%E1%BA%ADp_tin:Oanh_Ki%E1%BB%81u_2020.png
339,oanh kiều,,Oanh Kiều,"5 tháng 1, 1989 (36 tuổi)",Việt Nam,Diễn viên,2011–nay,
340,peter phạm,,,,,,,
341,phan hoàng kim,,,,,,,
342,phan vũ,,,,Việt Nam,,,
343,phi phụng,https://vi.wikipedia.org/wiki/Phi_Ph%E1%BB%A5ng,Nguyễn Thị Phi Phụng," 16 tháng 7, 1957 (68 tuổi)",Việt Nam,Diễn viên truyền hình; Diễn viên điện ảnh; Diễn viên kịch nói; Diễn viên hài,1980 – nay,https://vi.wikipedia.org/wiki/T%E1%BA%ADp_tin:Phiphung.jpg
344,phát la,,La Vĩnh Phát,28/02/1993 (32 tuổi),Việt Nam,Diễn viên,,
345,phú thịnh,,Trần Phú Thịnh,"10 tháng 1, 1994",Việt Nam,"Diễn viên, ca sĩ",,
346,phương anh đào,https://vi.wikipedia.org/wiki/Ph%C6%B0%C6%A1ng_Anh_%C4%90%C3%A0o,Đào Phương Anh Đào,"30 tháng 4, 1992 (33 tuổi)",Việt Nam,Diễn viên,2014–nay,https://vi.wikipedia.org/wiki/T%E1%BA%ADp_tin:Phuong_Anh_Dao_from_%22Glorious_Ashes%22_at_Red_Carpet_of_the_Tokyo_International_Film_Festival_2022_(52460466207)_(cropped).jpg
347,phương dung,,,,,,,
348,phương duyên,,,,,,,
349,phương lan,,Huỳnh Thị Phương Lan,1994,Việt Nam,,,
350,phương mỹ chi,https://vi.wikipedia.org/wiki/Ph%C6%B0%C6%A1ng_M%E1%BB%B9_Chi,Phương Mỹ Chi,"13 tháng 1, 2003",Việt Nam,"Ca sĩ,nhạc sĩ,diễn viên",2013 – nay,https://vi.wikipedia.org/wiki/T%E1%BA%ADp_tin:PH%C6%AF%C6%A0NG_M%E1%BB%B8_CHI_2023.10.18.jpg
351,phương nam,,,,Việt Nam,,,
352,phương thanh,,,,Việt Nam,,,
353,phương thanh,https://vi.wikipedia.org/wiki/Ph%C6%B0%C6%A1ng_Thanh,Bùi Thị Phương Thanh,"27 tháng 4, 1973 (52 tuổi)",Việt Nam,Ca sĩDiễn viên,1990–nay,https://vi.wikipedia.org/wiki/T%E1%BA%ADp_tin:Phuong_Thanh_(cropped).jpg
354,phương titi,,,,,,,
355,phước sang,https://vi.wikipedia.org/wiki/Ph%C6%B0%E1%BB%9Bc_Sang,Lưu Phước Sang,"2 tháng 7, 1969 (56 tuổi)",Việt Nam,Diễn viênNhà sản xuất điện ảnh,1989–nay,https://vi.wikipedia.org/wiki/T%E1%BA%ADp_tin:LUU_PHUOC_SANG.jpg
356,phạm anh tuấn,,,,,,,
357,phạm huy thục,,,,,,,
358,phạm minh quang,,,,Việt Nam,,,
359,phạm nhật linh,,,,Việt Nam,,,
360,phạm quỳnh anh,https://vi.wikipedia.org/wiki/Ph%E1%BA%A1m_Qu%E1%BB%B3nh_Anh,Phạm Quỳnh Anh,"Phạm Quỳnh Anh; 24 tháng 8, 1984 (41 tuổi); Hà Nội, Việt Nam",Việt Nam,Ca sĩDiễn viên,,https://vi.wikipedia.org/wiki/T%E1%BA%ADp_tin:Pham_Quynh_Anh_in_B%E1%BB%99_3_Si%C3%AAu_%C4%90%E1%BA%B3ng_2019.jpg
361,phạm thanh trúc,,,,,,,
362,phạm tuấn anh,,,,,,,
363,puka,https://vi.wikipedia.org/wiki/Puka,Nguyễn Kiều Cẩm Thơ," 30 tháng 10, 1989 ",Việt Nam,"Diễn viên,Người dẫn chương trình",2010–nay,https://vi.wikipedia.org/wiki/T%E1%BA%ADp_tin:Puka_in_Chon_Dau_Cho_Dung_2020.png
364,quang lâm,,Trần Quang Lâm.,,,,,
365,quang minh,https://vi.wikipedia.org/wiki/Quang_Minh_(di%E1%BB%85n_vi%C3%AAn),Võ Quang Minh," 20 tháng 11, 1959 ",Hoa Kỳ; Việt Nam,Diễn viên,1985 – nay,https://vi.wikipedia.org/wiki/T%E1%BA%ADp_tin:Quangminh.jpg
366,quang sơn,,Nguyễn Phúc Quí Quang,1996,Việt Nam,,,
367,quang sự,https://vi.wikipedia.org/wiki/Quang_S%E1%BB%B1,,,Việt Nam,,2007 - nay,https://vi.wikipedia.org/wiki/T%E1%BA%ADp_tin:Quang_S%E1%BB%B1.png
368,quang thuận,,Nguyễn Quang Thuận,1999,Việt Nam,"Người mẫu, Diễn viên",,https://nguoinoitieng.tv/images/nnt/103/0/bg2e.jpg
369,quang tuấn,https://vi.wikipedia.org/wiki/Quang_Tu%E1%BA%A5n,Ngô Quang Tuấn,"4 tháng 3, 1985 (40 tuổi)",Việt Nam,Diễn viên,2006–nay,https://vi.wikipedia.org/wiki/T%E1%BA%ADp_tin:Ngo_Quang_Tuan_from_%22Glorious_Ashes%22_at_Red_Carpet_of_the_Tokyo_International_Film_Festival_2022_(52460465832)_(cropped).jpg
370,quang tèo,https://vi.wikipedia.org/wiki/Quang_T%C3%A8o,,,Việt Nam,,,https://vi.wikipedia.org/wiki/T%E1%BA%ADp_tin:Quang_T%C3%A8o.jpg
371,quyên qui,,Nguyễn Lê Diệp Quyên,1998,Việt Nam,"Người mẫu, Diễn viên",,https://image.voh.com.vn/voh/Image/2024/03/10/quyen-qui-la-ai-ma-duoc-dan-tinh-nhac-den-ran-ran005-20240310.jpg?t=o
372,quyền linh,https://vi.wikipedia.org/wiki/Quy%E1%BB%81n_Linh,Mai Huyền Linh,"28 tháng 7, 1969",Việt Nam,,1992 – nay,https://vi.wikipedia.org/wiki/T%E1%BA%ADp_tin:Quy%E1%BB%81n_Linh_2020.png
373,quách ngọc ngoan,https://vi.wikipedia.org/wiki/Qu%C3%A1ch_Ng%E1%BB%8Dc_Ngoan,,,Việt Nam,,2008 – nay,https://vi.wikipedia.org/wiki/T%E1%BA%ADp_tin:Qu%C3%A1ch_Ng%E1%BB%8Dc_Ngoan.jpg
374,quách ngọc tuyên,,Quách Ngọc Tuyên,31/01/1984,Việt Nam,diễn viên,,
375,quách thu phương,https://vi.wikipedia.org/wiki/Qu%C3%A1ch_Thu_Ph%C6%B0%C6%A1ng,Quách Thị Lan Phương,1977,Việt Nam,Diễn viên,1996 – nay,https://media.baoquangninh.vn/upload/image/202105/medium/1838565_fbb20acff0d75b313220bc850b95e278.jpeg
376,quốc anh,,Trần Quốc Anh,"1 tháng 4, 1998",Việt Nam,Diễn viên,,
377,quốc cường,https://vi.wikipedia.org/w/index.php?title=Qu%E1%BB%91c_C%C6%B0%E1%BB%9Dng&action=edit&redlink=1,,,,Diễn viên,,
378,quốc huy,https://vi.wikipedia.org/wiki/Qu%E1%BB%91c_Huy_(di%E1%BB%85n_vi%C3%AAn),Võ Quốc Huy,"29 tháng 11, 1986",Việt Nam,Diễn viên,2006–nay,https://upload.wikimedia.org/wikipedia/commons/thumb/e/e7/QU%E1%BB%90C_HUY_%28cropped%29.jpg/500px-QU%E1%BB%90C_HUY_%28cropped%29.jpg
379,quốc khánh,,Vũ Quốc Khánh,1997,Việt Nam,Diễn viên,,
380,quốc quân,https://vi.wikipedia.org/wiki/Qu%E1%BB%91c_Qu%C3%A2n,Nguyễn Quốc Quân,"2 tháng 9, 1970",Việt Nam,"Đạo diễn, Diễn viên",2004 - nay,
381,quốc trường,https://vi.wikipedia.org/wiki/Qu%E1%BB%91c_Tr%C6%B0%E1%BB%9Dng_(di%E1%BB%85n_vi%C3%AAn),Nguyễn Quốc Trường,"23 tháng 4, 1988 (37 tuổi)",Việt Nam,Diễn viên,2009 – nay,https://vi.wikipedia.org/wiki/T%E1%BA%ADp_tin:Qu%E1%BB%91c_Tr%C6%B0%E1%BB%9Dng_2019_(cropped).jpeg
382,quốc tân,,,,Việt Nam,Diễn viên,,
383,quỳnh lương,,Lương Thị Mai Quỳnh,1995,Việt Nam,Diễn viên,,
384,quỳnh thư,,,,,,,
385,ramani raja,,,,,,,
386,ribi sachi,,,,,,,
387,rima thanh vy,https://vi.wikipedia.org/w/index.php?title=Rima_Thanh_Vy&action=edit&redlink=1,,,,,,
388,rio hạo nhiên,,,,Việt Nam,,,
389,rocker nguyễn,https://vi.wikipedia.org/wiki/Rocker_Nguyen,Nguyễn Trần Hưng Long,06 tháng 7 năm 1993,Việt Nam,"ca sĩ, nhạc sĩ, người dẫn chương trình, người mẫu ảnh và diễn viên",2022 – nay,https://upload.wikimedia.org/wikipedia/commons/8/85/Rocker_Nguyen.png
390,sala uyên trinh,,,,,,,
391,salim,,,,,,,
392,sam,https://vi.wikipedia.org/wiki/Sam_(di%E1%BB%85n_vi%C3%AAn),Nguyễn Hà My,"Nguyễn Hà My; 28 tháng 10, 1990 (34 tuổi); Long An, Việt Nam",Việt Nam,Diễn viênNgười mẫuNgười dẫn chương trình,2008–nay,https://vi.wikipedia.org/wiki/T%E1%BA%ADp_tin:SAM_Ha_My_2022.png
393,sam sony,,,,,,,
394,samuel an,,,,,,,
395,sella trương,,,,,,,
396,TBA,,,,,,,
397,simon kook,,,,,,,
398,song luân,https://vi.wikipedia.org/wiki/Song_Lu%C3%A2n,Nguyễn Trường Sinh,"Nguyễn Trường Sinh; 17 tháng 9, 1991 (33 tuổi); Đồng Nai, Việt Nam",Việt Nam,Diễn viên; Ca sĩ,2011 – nay,https://vi.wikipedia.org/wiki/T%E1%BA%ADp_tin:SongLuan1991.jpg
399,steven nguyễn,,,,Việt Nam,,,
400,syni trang,,Tô Nhật Diễm Trang,2000,,,,
401,sĩ toàn,,,,,,,
402,sơn tùng m-tp,https://vi.wikipedia.org/wiki/S%C6%A1n_T%C3%B9ng_M-TP,Nguyễn Thanh Tùng,"5 tháng 7, 1994 (31 tuổi)",Việt Nam,Ca sĩ kiêm sáng tác nhạcnhà sản xuất thu âmdiễn viênrapperdoanh nhân,,https://vi.wikipedia.org/wiki/T%E1%BA%ADp_tin:Son_Tung_M-TP_1_(2021).png
403,sơn x,,,,Việt Nam,,,
404,sỹ toàn,,Nhan Sỹ Toàn,1986,Việt Nam,,,
405,thanh bình,,,,,,,
406, thanh an,,,,Việt Nam,,,
407,thanh duy,https://vi.wikipedia.org/wiki/Thanh_Duy,Phạm Trần Thanh Duy," 30 tháng 11, 1986 ",Việt Nam,"Ca sĩ, Diễn viên",2008–nay,https://vi.wikipedia.org/wiki/T%E1%BA%ADp_tin:Thanh_Duy_2025.jpg
408,thanh hoa,,,,,,,
409,thanh hương,https://vi.wikipedia.org/wiki/Thanh_H%C6%B0%C6%A1ng_(di%E1%BB%85n_vi%C3%AAn),Nguyễn Thanh Hương,"12 tháng 3, 1988 ",Việt Nam,"Diễn viên,Ca sĩ,Người dẫn chương trình",2006 – nay,https://media.vov.vn/sites/default/files/styles/large/public/2024-03/dien_vien_thanh_huong4.jpg
410,thanh hằng,https://vi.wikipedia.org/wiki/Thanh_H%E1%BA%B1ng,Phạm Thị Thanh Hằng," 22 tháng 7, 1983",Việt Nam,Diễn viên điện ảnh; Siêu mẫu; Hoa hậu; Nhà sản xuất phim,,https://vi.wikipedia.org/wiki/T%E1%BA%ADp_tin:Thanh_Hang.png
411,thanh hằng,https://vi.wikipedia.org/wiki/Thanh_H%E1%BA%B1ng_(ngh%E1%BB%87_s%C4%A9_c%E1%BA%A3i_l%C6%B0%C6%A1ng),Trần Thị Mỹ Hằng,"12 tháng 2, 1962",Việt Nam,"Nghệ sĩ cải lương,Diễn viên điện ảnh,Diễn viên truyền hình",1975 – nay,https://vi.wikipedia.org/wiki/T%E1%BA%ADp_tin:Thanh_H%E1%BA%B1ng.png
412,thanh sơn,https://vi.wikipedia.org/wiki/Thanh_S%C6%A1n_(di%E1%BB%85n_vi%C3%AAn),,,Việt Nam,,2010 - nay,https://vi.wikipedia.org/wiki/T%E1%BA%ADp_tin:Thanh_S%C6%A1n.png
413,thanh thúy,https://vi.wikipedia.org/wiki/Thanh_Th%C3%BAy_(sinh_1982),Lê Thị Thanh Thúy,"19 tháng 8, 1982 (43 tuổi)",Việt Nam,Diễn viênDoanh nhânNgười dẫn chương trìnhNhà sản xuất điện ảnh,2002 – nay,https://vi.wikipedia.org/wiki/T%E1%BA%ADp_tin:THANH_TH%C3%9AY_2019_-_Portrait_1.jpg
414,thanh thức,https://vi.wikipedia.org/wiki/Thanh_Th%E1%BB%A9c,,,Việt Nam,,2006 – nay,https://vi.wikipedia.org/wiki/T%E1%BA%ADp_tin:ThanhThuc1984.jpg
415,thanh trâm,,Trần Thanh Trâm,2002,Việt Nam,"Diễn viên, người mẫu",,https://images2.thanhnien.vn/zoom/736_460/528068263637045248/2024/3/9/thanh-tram-9-1709976120573109488498-393-0-1247-1366-crop-1709976577830161877660.jpg
416,thanh vân,,,,,,,
417,thanh tân,,,,,,,
418,thanh tâm,,,,,,,
419,thanh tú,,,,,,,
420,thiên an,,Trần Nguyễn Thiên An,1998,,,,
421,thiên nga,,,,,,,
422,thiện hùng,,Thiện Hùng,1997,Việt Nam,"Người mẫu, diễn viên",,
423,thoại tiên,,,,,,,
424,thu hường,https://vi.wikipedia.org/wiki/Thu_H%C6%B0%E1%BB%9Dng,Thu Hường,"29 tháng 7, 1976",Việt Nam,Diễn viên,1998 – nay,https://static-images.vnncdn.net/files/publish/2023/11/22/w-400812136-172771829192354-8277774572321116814-n-1-1121.jpg?width=0&s=vsLmODAMrWe6O05kPwnFPA
425,thu trang,https://vi.wikipedia.org/wiki/Thu_Trang,Trần Ngọc Thu Trang," 23 tháng 9, 1984 (40 tuổi)",Việt Nam,Diễn viênNhà sản xuất phimĐạo diễn,2002 – nay,https://vi.wikipedia.org/wiki/T%E1%BA%ADp_tin:THU_TRANG_2020.jpg
426,thuận nguyễn,,Nguyễn Văn Thuận,1992,,,,
427,thành hội,,,,,,,
428,thái hoà,https://vi.wikipedia.org/wiki/Th%C3%A1i_H%C3%B2a_(di%E1%BB%85n_vi%C3%AAn),Hồ Thái Hòa,"10 tháng 8, 1974 (51 tuổi)",Việt Nam,Diễn viên,1998–nay,https://vi.wikipedia.org/wiki/T%E1%BA%ADp_tin:TH%C3%81I_H%C3%92A_2025.jpg
429,thái trà my,,,,Việt Nam,Diễn viên,,
430,thái vũ,,Vũ Phạm Đình Thái,"14 tháng 9, 1991",Việt Nam,Diễn viên,,
431,thân thúy hà,https://vi.wikipedia.org/wiki/Th%C3%A2n_Th%C3%BAy_H%C3%A0,,,Việt Nam,,2004 – nay,https://vi.wikipedia.org/wiki/T%E1%BA%ADp_tin:Th%C3%A2n_Th%C3%BAy_H%C3%A0_2014.png
432,thùy anh,https://vi.wikipedia.org/wiki/Th%C3%B9y_Anh,Nguyễn Thùy Anh," 3 tháng 2, 1995 ",Việt Nam,Diễn viên,2009–nay,https://vi.wikipedia.org/wiki/T%E1%BA%ADp_tin:Th%C3%B9y_Anh_2022_P2.jpg
433,thùy dương,,,,,,,
434,thùy trang,,,2001,Việt Nam,"Người mẫu, diễn viên, VJ tự do.",,https://media.vov.vn/sites/default/files/styles/large/public/2024-02/8_2.jpeg.jpg
435,thúy diễm,https://vi.wikipedia.org/wiki/Th%C3%BAy_Di%E1%BB%85m,,,Việt Nam,,2009 – nay,
436,thúy hà,https://vi.wikipedia.org/wiki/Th%C3%BAy_H%C3%A0_(di%E1%BB%85n_vi%C3%AAn),,,Việt Nam,,1997 – nay,https://vi.wikipedia.org/wiki/T%E1%BA%ADp_tin:%C4%90inh_Th%E1%BB%8B_Th%C3%BAy_H%C3%A0.png
437,thúy hằng,,,,,,,
438,thúy ngân,https://vi.wikipedia.org/wiki/Th%C3%BAy_Ng%C3%A2n,Lê Huỳnh Thúy Ngân,"5 tháng 4, 1991 ",Việt Nam,Diễn viênNgười mẫuNgười dẫn chương trình,2009–nay,https://vi.wikipedia.org/wiki/T%E1%BA%ADp_tin:TH%C3%9AY_NG%C3%82N_P4.jpg
439,thạch kim long,,,,,,,
440,tiko tiến công,,,,,,,
441,tiến hoàng,,,,,,,
442,tiến luật,,Nguyễn Tiến Luật,1982,Việt Nam,,,
443,tiến lợi,,,,Việt Nam,,,
444,tiến phạm,,,,,,,
445,tiết cương,https://vi.wikipedia.org/wiki/Ti%E1%BA%BFt_C%C6%B0%C6%A1ng,,,Việt Nam,,1993 – nay,https://vi.wikipedia.org/wiki/T%E1%BA%ADp_tin:Tiet_Cuong.png
446,tiểu bảo quốc,,,,Việt Nam,,,
447,trang nhung,https://vi.wikipedia.org/wiki/Trang_Nhung,Trang Nhung,"8 tháng 12, 1973",Việt Nam,Ca sĩ Doanh nhân Diễn viên nhạc sĩ,,
448,trizzie phương trinh,,Trizzie Phương Trinh,2-9-1966,Mỹ,"Ca sĩ, Diễn viên",,
449,trung dân,https://vi.wikipedia.org/wiki/Trung_D%C3%A2n,Nguyễn Trung Dân,"20 tháng 7, 1967 (58 tuổi)",Việt Nam,Diễn viên,1992–nay,https://vi.wikipedia.org/wiki/T%E1%BA%ADp_tin:Trung_Dan.png
450,trung dũng,https://vi.wikipedia.org/wiki/Trung_D%C5%A9ng_(di%E1%BB%85n_vi%C3%AAn),,,Việt Nam,,1999 – nay,https://vi.wikipedia.org/wiki/T%E1%BA%ADp_tin:Trung_Dung1973.jpg
451,trung hiếu,https://vi.wikipedia.org/wiki/Trung_Hi%E1%BA%BFu_(di%E1%BB%85n_vi%C3%AAn),Nguyễn Trung Hiếu,"26 tháng 2, 1973",Việt Nam,"Diễn viên sân khấu, diễn viên điện ảnh, đạo diễn kịch, diễn viên lồng tiếng",1993 – nay,https://vi.wikipedia.org/wiki/T%E1%BA%ADp_tin:Trung_Hieu_(nghe_sy).jpg
452,trà my,,,,Việt Nam,,,
453,trà ngọc,,,,,,,
454,trâm anh,,,,,,,
455,trình mỹ duyên,,,,,,,
456,trúc anh,https://vi.wikipedia.org/wiki/Tr%C3%BAc_Anh,Nguyễn Trúc Anh,"23 tháng 9, 1998 (26 tuổi)",,Diễn viênNgười mẫu ảnh,2017 – nay,https://vi.wikipedia.org/wiki/T%E1%BA%ADp_tin:Tr%C3%BAc_Anh_%E2%80%93_M%E1%BA%AFt_bi%E1%BA%BFc_BTS_(2).png
457,trúc anh burin,,,,,,,
458,trương minh cường,,,,Việt Nam,,,
459,trương minh quốc thái,https://vi.wikipedia.org/wiki/Tr%C6%B0%C6%A1ng_Minh_Qu%E1%BB%91c_Th%C3%A1i,Trương Minh Quốc Thái," 3 tháng 9, 1974 (51 tuổi)",Việt Nam,Diễn viên,1997 – nay,https://vi.wikipedia.org/wiki/T%E1%BA%ADp_tin:TruongMinhQuocThai1974.jpg
460,trương minh thảo,,,,,,,
461,trương ngọc tình,,,,,,,
462,trương ngọc ánh,https://vi.wikipedia.org/wiki/Tr%C6%B0%C6%A1ng_Ng%E1%BB%8Dc_%C3%81nh,,"12 tháng 11, 1976 ",,"Nhà sản xuất phim, Diễn viên điện ảnh, Doanh nhân",Từ 1992 đến nay,
463,trương thế vinh,https://vi.wikipedia.org/wiki/Tr%C6%B0%C6%A1ng_Th%E1%BA%BF_Vinh,Nguyễn Xuân Vinh," 22 tháng 5, 1984 ",Việt Nam,Ca sĩDiễn viênNgười mẫuNgười dẫn chương trình,2001 – nay,https://vi.wikipedia.org/wiki/T%E1%BA%ADp_tin:Truong_The_Vinh.png
464,trương thị may,,,,,,,
465,trường giang,https://vi.wikipedia.org/wiki/Tr%C6%B0%E1%BB%9Dng_Giang_(ngh%E1%BB%87_s%C4%A9),Võ Vũ Trường Giang," 20 tháng 4, 1983 (42 tuổi)",Việt Nam,Diễn viênNghệ sĩ hàiNhạc sĩNgười dẫn chương trình,2007 – nay,https://vi.wikipedia.org/wiki/T%E1%BA%ADp_tin:TR%C6%AF%E1%BB%9CNG_GIANG.png
466,trường phú,,,,,,,
467,trấn thành,https://vi.wikipedia.org/wiki/Tr%E1%BA%A5n_Th%C3%A0nh,Huỳnh Trấn Thành," 5 tháng 2, 1987 (38 tuổi)",Việt Nam,Diễn viênNghệ sĩ hàiNgười dẫn chương trìnhDoanh nhânNhà làm phim,2006–nay,https://vi.wikipedia.org/wiki/T%E1%BA%ADp_tin:Tr%E1%BA%A5n_Th%C3%A0nh_191226.png
468,trần anh khoa,,,,,,,
469,trần bảo nam,,,,,,,
470,trần doãn hoàng,,,,,,,
471,trần kim hải,,Trần Kim Hải,1998,,,,
472,trần lê nam,,,,,,,
473,trần lực,https://vi.wikipedia.org/wiki/Tr%E1%BA%A7n_L%E1%BB%B1c,,"15 tháng 9, 1963 (61 tuổi); Hà Nội, Việt Nam Dân chủ Cộng hòa",Việt Nam,Diễn viênNhà làm phim,1983 – nay,https://vi.wikipedia.org/wiki/T%E1%BA%ADp_tin:NS%C6%AFT_Tr%E1%BA%A7n_L%E1%BB%B1c.png
474,trần nghĩa,https://vi.wikipedia.org/wiki/Tr%E1%BA%A7n_Ngh%C4%A9a_(di%E1%BB%85n_vi%C3%AAn),Trần Tuấn Nghĩa," 13 tháng 1, 1993",,Diễn viên,2015 – nay,https://vi.wikipedia.org/wiki/T%E1%BA%ADp_tin:Tran_Nghia.png
475,trần ngọc vàng,,Trần Ngọc Vàng,"5 tháng 4, 1998",,Diễn viên,,
476,trần phong,https://vi.wikipedia.org/wiki/Tr%E1%BA%A7n_Phong,,,,,,
477,trần quang minh,https://vi.wikipedia.org/wiki/Tr%E1%BA%A7n_Quang_Minh_(bi%C3%AAn_t%E1%BA%ADp_vi%C3%AAn),,"18 tháng 6, 1975 ",,,2002 – nay,https://vi.wikipedia.org/wiki/T%E1%BA%ADp_tin:Tran_Quang_Minh_2025.png
478,trần thanh tùng,,,,,,,
479,trần thiên tú,,,,,,,
480,trần tiểu vy,https://vi.wikipedia.org/wiki/Tr%E1%BA%A7n_Ti%E1%BB%83u_Vy,Trần Tiểu Vy,"Trần Tiểu Vy; 15 tháng 8, 2000 (25 tuổi); Hội An, Quảng Nam, Việt Nam",Việt Nam,Người mẫuNhân vật truyền hìnhDiễn viên,2018–nay,https://vi.wikipedia.org/wiki/T%E1%BA%ADp_tin:Tr%E1%BA%A7n_Ti%E1%BB%83u_Vy_(cropped).png
481,trần vân anh,,,,Việt Nam,,,
482,trịnh thăng bình,https://vi.wikipedia.org/wiki/Tr%E1%BB%8Bnh_Th%C4%83ng_B%C3%ACnh,Trịnh Thăng Bình,"30 tháng 4, 1988 (37 tuổi)",,Ca sĩ; Nhạc sĩ; Diễn viên; Nhà sản xuất âm nhạc; Người dẫn chương trình,,
483,trịnh tài,,,,,,,
484,trịnh tú trung,,,,,,,
485,trịnh xuân nhãn,,,,,,,
486,trọng hải,https://vi.wikipedia.org/wiki/Tr%E1%BB%8Dng_H%E1%BA%A3i,,,Việt Nam,,,
487,tuyết anh,,,,Việt Nam,,,
488,tuyết thu,https://vi.wikipedia.org/wiki/Tuy%E1%BA%BFt_Thu,Liễu Thị Tuyết Thu,"17 tháng 9, 1971 ",Việt Nam,Diễn viên,2002–nay,https://vi.wikipedia.org/wiki/T%E1%BA%ADp_tin:Tuy%E1%BA%BFt_Thu.png
489,tuấn dũng,,,,Việt Nam,,,
490,tuấn hưng,https://vi.wikipedia.org/wiki/Tu%E1%BA%A5n_H%C6%B0ng,Nguyễn Tuấn Hưng,"5 tháng 10, 1978",Việt Nam,Ca sĩ,1995 – nay,https://vi.wikipedia.org/wiki/T%E1%BA%ADp_tin:Tu%E1%BA%A5n_H%C6%B0ng_ATVNCG2024_(cropped).jpg
491,tuấn khải,,,,,,,
492,tuấn trần,https://vi.wikipedia.org/wiki/Tu%E1%BA%A5n_Tr%E1%BA%A7n,Trần Duy Tuấn,"20 tháng 11, 1992 (32 tuổi)",Việt Nam,Diễn viênNgười mẫu,2015–nay,https://vi.wikipedia.org/wiki/T%E1%BA%ADp_tin:Tu%E1%BA%A5n_Tr%E1%BA%A7n.jpg
493,tuấn zoi,,,,,,,
494,tuệ minh,,,,,,,
495,tín nguyễn,,Nguyễn Thị Đắc Tín,1997,Việt Nam,"dancer, diễn viên",,
496,tóc tiên,https://vi.wikipedia.org/wiki/T%C3%B3c_Ti%C3%AAn_(ca_s%C4%A9),Nguyễn Khoa Tóc Tiên,"Nguyễn Khoa Tóc Tiên; 13 tháng 5, 1989 (36 tuổi); Thành phố Hồ Chí Minh, Việt Nam",Việt Nam,Ca sĩ Vũ công Diễn viên,,https://vi.wikipedia.org/wiki/T%E1%BA%ADp_tin:T%C3%93C_TI%C3%8AN_2024_P3.jpg
497,tôn kinh lâm,,Tôn Kinh Lâm,11-11-1995,Việt Nam,"Người mẫu, Diễn Viên",,https://encrypted-tbn0.gstatic.com/images?q=tbn:ANd9GcTgZZ1rvLp76JOQ0rTqObWJjyn9wxlaTU-VdQ&s
498,tùng lee,,,,Việt Nam,,,
499,tạ lâm,,Tạ Thị Lâm,2000,Việt Nam,,,
500,tạ minh tâm,https://vi.wikipedia.org/wiki/T%E1%BA%A1_Minh_T%C3%A2m_(ca_s%C4%A9),,,Việt Nam,,1994 – nay,
501,tấn beo,https://vi.wikipedia.org/wiki/T%E1%BA%A5n_Beo,Phạm Tấn Danh," 13 tháng 1, 1965 (60 tuổi)",Việt Nam,Diễn viên,1981 - 2024,https://vi.wikipedia.org/wiki/T%E1%BA%ADp_tin:TAN_BEO.jpg
502,tấn thi,https://vi.wikipedia.org/wiki/T%E1%BA%A5n_Thi,Phan Tấn Thi,1949,Việt Nam,,,
503,tống yến nhi,,Tống Yến Nhi,1996,Việt Nam,,,
504,uy nhân,,,,,,,
505,uyển ân,https://vi.wikipedia.org/wiki/Uy%E1%BB%83n_%C3%82n,Huỳnh Uyển Ân,"15 tháng 2, 1999",Việt Nam,Diễn viên,,
506,vinh râu,,Hoàng Xuân Vinh,21 tháng 1 năm 1994,Việt Nam,Diễn viên,,
507,việt hưng,,Nguyễn Duy Hưng,15 tháng 8 năm 1989,Việt Nam,Diễn viên,,
508,việt hương,https://vi.wikipedia.org/wiki/Vi%E1%BB%87t_H%C6%B0%C6%A1ng,Nguyễn Việt Hương,"15 tháng 10, 1976 (48 tuổi)",Việt Nam,Diễn viênNghệ sĩ hàiNgười dẫn chương trình,1995 – nay,https://vi.wikipedia.org/wiki/T%E1%BA%ADp_tin:Viethuong.jpg
509,việt linh,,việt linh,,,,,
510,vân dung,https://vi.wikipedia.org/wiki/V%C3%A2n_Dung,Lê Vân Dung,"11 tháng 10, 1975 ",Việt Nam,Diễn viênNghệ sĩ hài,1992 – nay,https://vi.wikipedia.org/wiki/T%E1%BA%ADp_tin:VanDung1975.png
511,vân trang,https://vi.wikipedia.org/wiki/V%C3%A2n_Trang,Nguyễn Ngọc Thùy Trang,"1 tháng 3, 1990 (35 tuổi); Tiền Giang, Việt Nam",Việt Nam,Diễn viênNgười dẫn chương trình,2007 – nay,https://vi.wikipedia.org/wiki/T%E1%BA%ADp_tin:V%C3%A2n_Trang.png
512,võ thành tâm,,võ thành tâm,1978,,,,
513,võ tấn phát,https://vi.wikipedia.org/wiki/V%C3%B5_T%E1%BA%A5n_Ph%C3%A1t,,"27 tháng 7, 1995 (30 tuổi); Trà Ôn, Vĩnh Long, Việt Nam",,Diễn viênngười dẫn chương trình,2017 – nay,https://vi.wikipedia.org/wiki/T%E1%BA%ADp_tin:V%C3%B5_T%E1%BA%A5n_Ph%C3%A1t.png
514,võ điền gia huy,,Võ Điền Gia Huy,27 tháng 12 năm 1996,,,,
515,võ đăng khoa,,Võ Đăng Khoa,1992,,,,
516,văn lượng,,Nguyễn Văn Lượng,,Việt Nam,,,
517,vĩnh xương,https://vi.wikipedia.org/wiki/V%C4%A9nh_X%C6%B0%C6%A1ng_(di%E1%BB%85n_vi%C3%AAn),Nguyễn Vĩnh Xương,"30 tháng 10, 1975",Việt Nam,Diễn viên,2002–nay,https://cdnphoto.dantri.com.vn/LH-DIQNZEG2SHUtMR6DZcwQ_iEE=/thumb_w/1470/2024/10/09/z59096702575089b067ce7af5afa45c18ed8ac8d3fe45e-edited-1728410649017.jpeg
518,vũ long,,Trần Lương Vũ Long,12 tháng 3 năm 1988,,,,
519,vũ ngọc mạnh,,vũ ngọc mạnh,,,,,
520,vũ trung đức,,Vũ Trung Đức,,Việt Nam,,,
521,vũ đức ngọc,,Vũ Đức Ngọc,1953,Việt Nam,Diễn viên,,
522,vương thanh tùng,,Vương Thanh Tùng,1992,Việt Nam,Diễn viên,,
523,will,,Nguyễn Anh Tuấn,27 tháng 11 năm 1989,Việt Nam,"diễn viên, ca sĩ",,
524,wowy,https://vi.wikipedia.org/wiki/Wowy,Nguyễn Ngọc Minh Huy,"27 tháng 9, 1988 (36 tuổi)",Việt Nam,Rapper Nhạc sĩ sáng tác ca khúc,2012–nay,https://vi.wikipedia.org/wiki/T%E1%BA%ADp_tin:WOWY_P1.jpg
525,xuân hinh,https://vi.wikipedia.org/wiki/Xu%C3%A2n_Hinh,Bùi Xuân Hinh,"8 tháng 4, 1963 ",Việt Nam,"Diễn viên, Nghệ sĩ hài, ,Nghệ sĩ chèo",1977 – nay,
526,xuân hiệp,,Nguyễn Xuân Hiệp,,,,,
527,xuân hồng,,Xuân Hồng,"13 tháng 10, 1986",Việt Nam,,,
528,xuân lan,https://vi.wikipedia.org/wiki/Xu%C3%A2n_Lan,Nguyễn Thị Xuân Lan," 12 tháng 8, 1978",,Người mẫu; Diễn viên; Đạo diễn thời trang,,https://vi.wikipedia.org/wiki/T%E1%BA%ADp_tin:Xuanlan2019.jpg
529,xuân nghị,https://vi.wikipedia.org/wiki/Xu%C3%A2n_Ngh%E1%BB%8B,Đỗ Xuân Nghị," 3 tháng 4, 1990 ",Việt Nam,"Diễn viên, Diễn viên hài",2010 – nay,https://vi.wikipedia.org/wiki/T%E1%BA%ADp_tin:XUAN_NGHI_2021.jpg
530,xuân phúc,,Nguyễn Xuân Phúc,1992,Việt Nam,,,
531,xuân trang,,Vũ Xuân Trang,1978,Việt Nam,,,
532,xuân văn,,Văn Thị Ngọc Xuân,1988,Việt Nam,,,
533,yaya trương nhi,,Trương Nhi,12/2/1990 (31 tuổi),Việt Nam,"người mẫu, diễn viên, ca sĩ",,
534,yu chu,,,,,,,
535,yu dương,,Nguyễn Thùy Dương,,,,,
536,yuno bigboi,,Nguyễn Anh Vũ,,Việt Nam,,,
537,á hậu minh kiên,https://tieusu.com/tieu-su-a-hau-huynh-minh-kien/,Huỳnh Minh Kiên,21/01/2004,Việt Nam,,,https://tieusu.com/wp-content/uploads/2023/07/tieu-su-a-hau-Huynh-Minh-Kien-8.jpg
538,ái như,,Hồ Thị Ái Như,1960,Việt Nam,,,
539,ái phương,https://vi.wikipedia.org/wiki/%C3%81i_Ph%C6%B0%C6%A1ng,Phan Lê Ái Phương,"20 tháng 11, 1989",Việt Nam,"ca sĩ , nhạc sĩ, người mẫu, diễn viên",,https://vi.wikipedia.org/wiki/T%E1%BA%ADp_tin:%C3%81I_PH%C6%AF%C6%A0NG_2020.jpg
540,ái vân,,,,Việt Nam,,,
541,đan,,Huỳnh Như Đan,,Việt Nam,"Diễn viên, người mẫu",2009 – nay,https://cdn.tienphong.vn/images/814b5533c866dc3540018a126103e9359d12f0e7c7586c830543149eaf756493b879d7b405943b77d34484d6f73268982dcd4be99cb4e1a083adcdfa3c2360f79f2dc8ef4bc9ed9e98d1ac7e1af6a294/63a68ae80dc0c19e98d1-5095.jpg
542,đinh ngọc diệp,https://vi.wikipedia.org/wiki/Ng%E1%BB%8Dc_Di%E1%BB%87p,Đinh Ngọc Diệp,"11 tháng 10, 1984",Việt Nam,"Diễn viên,Người mẫu,Người dẫn chương trình,Nhà báoNhà sản xuất điện ảnh",2006–nay,https://vi.wikipedia.org/wiki/T%E1%BA%ADp_tin:NG%E1%BB%8CC_DI%E1%BB%86P_2021.01.14_P2.jpg
543,đinh y nhung,https://vi.wikipedia.org/wiki/%C4%90inh_Y_Nhung,,"8 tháng 4, 1980 ",Việt Nam,Diễn viên,2002 – nay,https://vi.wikipedia.org/wiki/T%E1%BA%ADp_tin:Dinh_Y_Nhung.png
544,đoàn minh anh,,Đoàn Minh Anh,2008,Việt Nam,"Diễn viên, Người mẫu",,https://www.google.com/url?sa=i&url=https%3A%2F%2Fkenh14.vn%2Fmy-nhan-viet-17-tuoi-gay-sot-nho-vai-giay-luot-qua-man-anh-co-trang-hay-hien-dai-deu-xinh-ngat-ngay-215250324195840301.chn&psig=AOvVaw2hrPsToze5c7cdtstMDCwB&ust=1759906785455000&source=images&cd=vfe&opi=89978449&ved=2ahUKEwjYmMbnwZGQAxU8xjQHHZY4JaUQjRx6BAgAEBo
545,đoàn minh tài,https://vi.wikipedia.org/wiki/%C4%90o%C3%A0n_Minh_T%C3%A0i,Đoàn Thanh Tài,"29 tháng 11, 1984 ",Việt Nam,"Diễn viên, Người mẫu, Kinh doanh",2008–nay,https://vi.wikipedia.org/wiki/T%E1%BA%ADp_tin:%C4%90o%C3%A0n_Minh_T%C3%A0i.png
546,đoàn thiên ân,https://vi.wikipedia.org/wiki/%C4%90o%C3%A0n_Thi%C3%AAn_%C3%82n,,"13 tháng 4, 2000 ",Việt Nam,"Người mẫu, Nhân vật truyền hình",2019–nay,https://vi.wikipedia.org/wiki/T%E1%BA%ADp_tin:Doan_Thien_An_2023.png
547,đoàn thế vinh,,đoàn thế vinh,1999,Việt Nam,ddancer,,https://www.google.com/url?sa=i&url=https%3A%2F%2Fvov.vn%2Fgiai-tri%2Fnghe-si%2Fngoai-hinh-dien-trai-cua-doan-the-vinh-vu-cong-dong-vai-chinh-trong-lat-mat-8-post1198021.vov&psig=AOvVaw27W6GTWeC1IY7tUSHsmX6U&ust=1759906672291000&source=images&cd=vfe&opi=89978449&ved=2ahUKEwjOmcuxwZGQAxVZxjQHHX44GykQjRx6BAgAEBo
548,đàm vĩnh hưng,https://vi.wikipedia.org/wiki/%C4%90%C3%A0m_V%C4%A9nh_H%C6%B0ng,Huỳnh Minh Hưng,"2 tháng 10, 1971 ",Việt Nam,Ca sĩ,1992–nay,https://vi.wikipedia.org/wiki/T%E1%BA%ADp_tin:%C4%90%C3%80M_V%C4%A8NH_H%C6%AFNG_2023.jpg
549,đào anh tuấn,,Đào Anh Tuấn,1957,Việt Nam,Diễn viên,,
550,đình hiếu,,,,Việt Nam,Diễn viên,,
551,đình khang,,Nguyễn Đình Khang,1 tháng 10 năm 2000,Việt Nam,Diễn viên,,
552,đông kha,,,,Việt Nam,,,
553,đại nghĩa,https://vi.wikipedia.org/wiki/%C4%90%E1%BA%A1i_Ngh%C4%A9a_(di%E1%BB%85n_vi%C3%AAn),Bùi Đại Nghĩa,"Bùi Đại Nghĩa; 5 tháng 12, 1978 (46 tuổi); Thành phố Hồ Chí Minh, Việt Nam",Việt Nam,Diễn viênNgười dẫn chương trình,1999 – nay,https://vi.wikipedia.org/wiki/T%E1%BA%ADp_tin:DAI_NGHIA_-_YFSMV_2022.jpg
554,đắc tín,,Bùi Nguyễn Đắc Tín,,Việt Nam,,,
555,đồng ánh quỳnh,https://nguoinoitieng.tv/nghe-nghiep/hot-girl/dong-anh-quynh/bbes,đồng ánh quỳnh,1-1-1995,Việt Nam,,,
556,đỗ kỳ phong,,đỗ kỳ phong,,Việt Nam,,,https://i1-giaitri.vnecdn.net/2023/12/17/ngay-xua-chuyen-tinh-6-9362-1702790011.jpg?w=1020&h=0&q=100&dpr=1&fit=crop&s=0aeOqQiU8Gydh3Oe9fGjng
557,đỗ nhật hoàng,,Đỗ Nhật Trường,,Việt Nam,"Diễn viên, dancer",,https://media.vov.vn/sites/default/files/styles/large/public/2024-10/464275207_3815484665369357_5674579205907013392_n.jpg
558,đỗ nhật trường,,Đỗ Nhật Trường.,28/8/1997,Việt Nam,"Diễn viên, ca sĩ",,https://media.2dep.vn/resize_900x1260/upload/thucquyen/2022/07/27/otis-do-nhat-truong-la-ai-hot-boy-faptv-tiktoker-so-huu-loat-clip-trieu-view-1658901708-14.jpg
559,đỗ tuyển,,,,Việt Nam,,,
560,đức hải,,Vũ Đức Hải,1978,Việt Nam,,,
561,đức khuê,https://vi.wikipedia.org/wiki/%C4%90%E1%BB%A9c_Khu%C3%AA,,,Việt Nam,,1994 – nay,
562,đức phúc,https://vi.wikipedia.org/wiki/%C4%90%E1%BB%A9c_Ph%C3%BAc,Nguyễn Đức Phúc," 15 tháng 10, 1996 (28 tuổi)",Việt Nam,Ca sĩdiễn viênrapper,2015 – nay,https://vi.wikipedia.org/wiki/T%E1%BA%ADp_tin:%C4%90%E1%BB%A9c_Ph%C3%BAc_t%E1%BA%A1i_Si%C3%AAu_th%E1%BB%AD_th%C3%A1ch_2021_(cropped).jpg
563,đức sơn,https://vi.wikipedia.org/wiki/%C4%90%E1%BB%A9c_S%C6%A1n_(di%E1%BB%85n_vi%C3%AAn),Đức Sơn,1957,Việt Nam,Diễn viên,,
564,đức thịnh,https://vi.wikipedia.org/wiki/%C4%90%E1%BB%A9c_Th%E1%BB%8Bnh_(%C4%91%E1%BA%A1o_di%E1%BB%85n),Đỗ Đức Thịnh," 24 tháng 12, 1975 (49 tuổi)",Việt Nam,Diễn viênDoanh nhânNhà làm phim,2002–nay,
565,đức tiến,,Hoàng Đức Tiến.,1980,Việt Nam,"Người mẫu, Diễn Viên, MC",,https://suckhoedoisong.qltns.mediacdn.vn/324455921873985536/2024/5/19/dien-vien-duc-tien-qua-doi-1716105427651862663269.jpg
566,ốc thanh vân,https://vi.wikipedia.org/wiki/%E1%BB%90c_Thanh_V%C3%A2n,Phạm Thị Thanh Vân,"18 tháng 2, 1984 (41 tuổi)",Việt Nam,Diễn viênNgười dẫn chương trình,2004 – nay,https://vi.wikipedia.org/wiki/T%E1%BA%ADp_tin:Oc_Thanh_Van.png
