id,label
A000001,A Tới
A000002,Amee
A000003,Anh Dũng
A000004,Anh Phạm
A000005,Anh Thư
A000006,Anh Tuấn
A000007,Anh Tài
A000008,Anh Tú
A000009,Anh Tú Atus
A000010,Anh Tú Wilson
A000011,Anh Đào
A000012,Anh Đức
A000013,Anna Linh
A000014,Anvi Lu
A000015,August Vachiravit
A000016,Avin Lu
A000017,BB Trần
A000018,Baggio Saetti
A000019,Bé An Bình
A000020,Bé Bảo Thy
A000021,Bé Quyên
A000022,Bình Minh
A000023,Bích Hằng
A000024,Bích Ngọc
A000025,Bùi Anh Tú
A000026,Bùi Hải Vy
A000027,Bùi Lan Hương
A000028,Băng Di
A000029,Bạch Công Khanh
A000030,Bạch Long
A000031,Bảo Anh
A000032,Bảo Duy
A000033,Bảo Khương
A000034,Bảo Ngọc
A000035,Bảo Thanh
A000036,Bảo Thi
A000037,Bảo Tiên
A000038,Bảo Uyên
A000039,Cao Minh Đạt
A000040,Cao Sang Lê
A000041,Cao Thiên Trang
A000042,Cao Thái Hà
A000043,Cao Thị Thùy Linh
A000044,Ceri
A000045,Cherry Hải My
A000046,Chi Pu
A000047,Chiến Thắng
A000048,Chiều Xuân
A000049,Chu Diệp Anh
A000050,Châu Bùi
A000051,Chí Tâm
A000052,Cris Phan
A000053,Cát Hạ
A000054,Cát Phượng
A000055,Công Dương
A000056,Công Ninh
A000057,Cù Thị Trà
A000058,Cẩm Ly
A000059,Danh ca Nhật Hạ
A000060,Diễm Hằng
A000061,Diễm My
A000062,Diệp Bảo Ngọc
A000063,Diệu Nhi
A000064,Doãn Hoàng
A000065,Doãn Quốc Đam
A000066,Dustin Nguyễn
A000067,Duy Khánh
A000068,Dũng Bino
A000069,Dược Sĩ Tiến
A000070,Dạ Chúc
A000071,Ellie Mễ Tiên
A000072,Emma Lê
A000073,FAPtv (Huỳnh Phương
A000074,Gi A Nguyễn
A000075,Gia Bảo
A000076,Giàng A Phá
A000077,H'Hen Niê
A000078,Henry Nguyễn
A000079,Him Phạm
A000080,Hiếu Hiền
A000081,Hiếu Nguyễn
A000082,Hiệp Gà
A000083,Hoa Thảo
A000084,Hoài Linh
A000085,Hoài Lâm
A000086,Hoàng Anh Duy
A000087,Hoàng Hà
A000088,Hoàng Kim Ngọc
A000089,Hoàng Linh
A000090,Hoàng Long
A000091,Hoàng Mai Anh
A000092,Hoàng Minh Triết
A000093,Hoàng Mèo
A000094,Hoàng Oanh
A000095,Hoàng Phi
A000096,Hoàng Sơn
A000097,Hoàng Thùy Linh
A000098,Hoàng Trinh
A000099,Hoàng Yến Chibi
A000100,Huy Anh
A000101,Huy Khánh
A000102,Huyme
A000103,Huỳnh Anh Tuấn
A000104,Huỳnh ChillHuyn
A000105,Huỳnh Hạo Khang
A000106,Huỳnh Lập
A000107,Huỳnh Mai Cát Tiên
A000108,Huỳnh Như
A000109,Huỳnh Phương
A000110,Huỳnh Thanh Trực
A000111,Huỳnh Thi
A000112,Huỳnh Tú Uyên
A000113,Huỳnh Uyển Ân
A000114,Huỳnh Đông
A000115,Hà Linh
A000116,Hà Thu Nguyệt
A000117,Hà Trung
A000118,Hà Việt Dũng
A000119,Hà Văn Hiếu
A000120,Hòa Minzy
A000121,Hùng Anh
A000122,Hương Giang
A000123,Hạ Anh
A000124,Hạnh Thúy
A000125,Hải Anh
A000126,Hải Nam
A000127,Hải Ngân Brianna
A000128,Hải Quân
A000129,Hải Triều
A000130,Hồ Minh Khuê
A000131,Hồ Minh Ngọc
A000132,Hồ Quang
A000133,Hồ Quang Mẫn
A000134,Hồ Thu Anh
A000135,Hồ Thành Trung
A000136,Hồ Đông Quan
A000137,Hồng Thu
A000138,Hồng Vân
A000139,Hồng Ánh
A000140,Hồng Ân
A000141,Hồng Đào
A000142,Hứa Minh Đạt
A000143,Hứa Vĩ Văn
A000144,Hứa Vỹ Văn
A000145,Hữu Khang
A000146,Hữu Tiến
A000147,Hữu Tài
A000148,Hữu Tín
A000149,Hữu Vi
A000150,Isaac
A000151,JJ Krissanapoom
A000152,Jacqueline Thu Thảo
A000153,Jessica Hoàng Anh
A000154,Johnny Trí Nguyễn
A000155,Juliet Bảo Ngọc
A000156,Jun Vũ
A000157,Jung ll-woo
A000158,Kaity Nguyễn
A000159,Karen Nguyễn
A000160,Karik
A000161,Katleen Phan Võ
A000162,Kay Trần
A000163,Khazsak
A000164,Khánh Hiền
A000165,Khánh Ly
A000166,Khánh Vân
A000167,Khương Lê
A000168,Khương Ngọc
A000169,Khả Ngân
A000170,Khả Như
A000171,Kim Huyền
A000172,Kim Hải
A000173,Kim Phương
A000174,Kim Tử Long
A000175,Kiến An
A000176,Kiều Anh
A000177,Kiều Minh Tuấn
A000178,Kiều Oanh
A000179,Kiều Trinh
A000180,Kỳ Duyên
A000181,La Thành
A000182,Lan Phương
A000183,Lan Thy
A000184,Lee Kwang Soo
A000185,Long Hoàng
A000186,Long Đẹp Trai
A000187,Lâm Hoàng Oanh
A000188,Lâm Nguyễn
A000189,Lâm Thanh Mỹ
A000190,Lâm Thanh Nhã
A000191,Lâm Vỹ Dạ
A000192,Lãnh Thanh
A000193,Lê Anh Huy
A000194,Lê Bê La
A000195,Lê Chí Anh
A000196,Lê Dương Bảo Lâm
A000197,Lê Giang
A000198,Lê Hạ Anh
A000199,Lê Khánh
A000200,Lê Lộc
A000201,Lê Phong Vũ
A000202,Lê Phương
A000203,Lê Quang Vinh
A000204,Lê Quốc Nam
A000205,Lê Tam Triều Dâng
A000206,Lê Thu
A000207,Lê Thu An
A000208,Lê Trang
A000209,Lê Tuấn Khang
A000210,Lê Văn Anh
A000211,Lê Xuân Tiền
A000212,Lý Hạo Mạnh Quỳnh
A000213,Lý Hồng Ân
A000214,Lương Anh Vũ
A000215,Lương Bích Hữu
A000216,Lương Gia Huy
A000217,Lệ Hằng
A000218,Lộ Lộ
A000219,Lợi Trần
A000220,MLee
A000221,MONO
A000222,Ma Ran Tô
A000223,Ma Ran Đô
A000224,Mai Bích Trâm
A000225,Mai Cát Vi
A000226,Mai Long
A000227,Mai Sơn Lâm
A000228,Mai Thu Huyền
A000229,Mai Thuý Vy
A000230,Mai Thế Hiệp
A000231,Mai Tài Phến
A000232,Mai Xuân Thành
A000233,Maya
A000234,Midu
A000235,Mie
A000236,Minh Beta
A000237,Minh Dự
A000238,Minh Hoàng
A000239,Minh Hằng
A000240,Minh Khang
A000241,Minh Luân
A000242,Minh Thảo
A000243,Minh Đức
A000244,Miss Thy
A000245,Miu Lê
A000246,Mr Kim
A000247,Mạc Can
A000248,Mạc Trung Kiên
A000249,Mạc Văn Khoa
A000250,Mạnh Cường
A000251,Mộc Trà
A000252,Mỹ Tâm
A000253,NS Viết Liên
A000254,NSND Hoàng Dũng
A000255,NSND Hồng Vân
A000256,NSND Kim Xuân
A000257,NSND Lê Khanh
A000258,NSND Mỹ Uyên
A000259,NSND Ngọc Giàu
A000260,NSND Ngọc Thư
A000261,NSND Như Quỳnh
A000262,NSND Thanh Nam
A000263,NSND Trung Anh
A000264,NSND Tự Long
A000265,NSND Việt Anh
A000266,NSND Đào Bá Sơn
A000267,NSƯT Cao Minh
A000268,NSƯT Chiều Xuân
A000269,NSƯT Công Ninh
A000270,NSƯT Diệu Đức
A000271,NSƯT Hoài Linh
A000272,NSƯT Hạnh Thúy
A000273,NSƯT Hồ Phong
A000274,NSƯT Hữu Châu
A000275,NSƯT Hữu Trọng
A000276,NSƯT Kim Oanh
A000277,NSƯT Kim Phương
A000278,NSƯT Kiều Trinh
A000279,NSƯT Lê Thiện
A000280,NSƯT Mỹ Duyên
A000281,NSƯT Ngọc Hiệp
A000282,NSƯT Quang Thắng
A000283,NSƯT Quang Tèo
A000284,NSƯT Thành Lộc
A000285,NSƯT Trung Anh
A000286,NSƯT Tuyết Thu
A000287,NSƯT Tú Oanh
A000288,NSƯT Việt Anh
A000289,NSƯT Xuân Trang
A000290,NSƯT Đới Anh Quân
A000291,Nam Em
A000292,Nam Long
A000293,Nam Nam
A000294,Nam Thư
A000295,Nanon Korapat
A000296,Naomi
A000297,Neko Bảo Tiên
A000298,Nghinh Lộc
A000299,Nghệ sĩ Viết Liên
A000300,Nguyên Thảo
A000301,Nguyễn Anh Dũng
A000302,Nguyễn Anh Tú
A000303,Nguyễn Diệu Thúy
A000304,Nguyễn Hùng
A000305,Nguyễn Hữu Tiến
A000306,Nguyễn Lâm Thảo Tâm
A000307,Nguyễn Minh Hà
A000308,Nguyễn Phước Lộc
A000309,Nguyễn Quốc Hùng
A000310,Nguyễn Sĩ Hậu
A000311,Nguyễn Thanh Vân
A000312,Nguyễn Thùy Anh
A000313,Nguyễn Thúc Thùy Tiên
A000314,Nguyễn Thị Trúc Quỳnh
A000315,Nguyễn Thịnh
A000316,Nguyễn Văn Toàn
A000317,Nguyễn Xuân Thắng
A000318,Nguyễn Đức Anh
A000319,Nguyệt Hằng
A000320,Ngân Chi
A000321,Ngân Quỳnh
A000322,Ngân Thảo
A000323,Ngô Kiến Huy
A000324,Ngô Tiến Thành
A000325,Ngọc Giàu
A000326,Ngọc Hoa
A000327,Ngọc Hồ
A000328,Ngọc Lan Vy
A000329,Ngọc Nga
A000330,Ngọc Phước
A000331,Ngọc Trai
A000332,Ngọc Trinh
A000333,Ngọc Tưởng
A000334,Ngọc Xuân
A000335,Ngọc Ánh
A000336,Nhã Phương
A000337,Nhã Uyên
A000338,Nhất Duy
A000339,Nhật Kim Anh
A000340,Nhật Linh
A000341,Nhật Trung
A000342,Nhật Ý
A000343,Ninh Dương Lan Ngọc
A000344,Oanh Kiều
A000345,Peter Phạm
A000346,Phan Hoàng Kim
A000347,Phan Vũ
A000348,Phi Phụng
A000349,Phát La
A000350,Phú Thịnh
A000351,Phương Anh Đào
A000352,Phương Dung
A000353,Phương Duyên
A000354,Phương Lan
A000355,Phương Mỹ Chi
A000356,Phương Nam
A000357,Phương Thanh
A000358,Phương Titi
A000359,Phước Sang
A000360,Phạm Anh Tuấn
A000361,Phạm Huy Thục
A000362,Phạm Minh Quang
A000363,Phạm Nhật Linh
A000364,Phạm Quỳnh Anh
A000365,Phạm Thanh Trúc
A000366,Phạm Tuấn Anh
A000367,Puka
A000368,Quang Lâm
A000369,Quang Minh
A000370,Quang Sơn
A000371,Quang Sự
A000372,Quang Thuận
A000373,Quang Tuấn
A000374,Quang Tèo
A000375,Quyên Qui
A000376,Quyền Linh
A000377,Quách Ngọc Ngoan
A000378,Quách Ngọc Tuyên
A000379,Quách Thu Phương
A000380,Quốc Anh
A000381,Quốc Cường
A000382,Quốc Huy
A000383,Quốc Khánh
A000384,Quốc Quân
A000385,Quốc Trường
A000386,Quốc Tân
A000387,Quỳnh Lương
A000388,Quỳnh Thư
A000389,Ramani Raja
A000390,Ribi Sachi
A000391,Rima Thanh Vy
A000392,Rio Hạo Nhiên
A000393,Rocker Nguyễn
A000394,Sala Uyên Trinh
A000395,Salim
A000396,Sam
A000397,Sam Sony
A000398,Samuel An
A000399,Sella Trương
A000400,Simon Kook
A000401,Song Luân
A000402,Steven Nguyễn
A000403,SyNi Trang
A000404,Sĩ Toàn
A000405,Sơn Tùng M-TP
A000406,Sơn X
A000407,Sỹ Toàn
A000408,TBA
A000409,Thanh Bình
A000410,Thanh Duy
A000411,Thanh Hoa
A000412,Thanh Hương
A000413,Thanh Hằng
A000414,Thanh Sơn
A000415,Thanh Thúy
A000416,Thanh Thức
A000417,Thanh Trâm
A000418,Thanh Tân
A000419,Thanh Tú
A000420,Thiên An
A000421,Thiên Nga
A000422,Thiện Hùng
A000423,Thoại Tiên
A000424,Thu Hường
A000425,Thu Trang
A000426,Thuận Nguyễn
A000427,Thành Hội
A000428,Thái Hoà
A000429,Thái Trà My
A000430,Thái Vũ
A000431,Thân Thúy Hà
A000432,Thùy Anh
A000433,Thùy Dương
A000434,Thùy Trang
A000435,Thúy Diễm
A000436,Thúy Hà
A000437,Thúy Hằng
A000438,Thúy Ngân
A000439,Thạch Kim Long
A000440,Tiko Tiến Công
A000441,Tiến Hoàng
A000442,Tiến Luật
A000443,Tiến Lợi
A000444,Tiến Phạm
A000445,Tiết Cương
A000446,Tiểu Bảo Quốc
A000447,Trang Nhung
A000448,Trizzie Phương Trinh
A000449,Trung Dân
A000450,Trung Dũng
A000451,Trung Hiếu
A000452,Trà My
A000453,Trà Ngọc
A000454,Trâm Anh
A000455,Trình Mỹ Duyên
A000456,Trúc Anh
A000457,Trúc Anh Burin
A000458,Trương Minh Cường
A000459,Trương Minh Quốc Thái
A000460,Trương Minh Thảo
A000461,Trương Ngọc Tình
A000462,Trương Ngọc Ánh
A000463,Trương Thế Vinh
A000464,Trương Thị May
A000465,Trường Giang
A000466,Trường Phú
A000467,Trấn Thành
A000468,Trần Anh Khoa
A000469,Trần Bảo Nam
A000470,Trần Bảo Sơn
A000471,Trần Doãn Hoàng
A000472,Trần Kim Hải
A000473,Trần Lê Nam
A000474,Trần Lực
A000475,Trần Nghĩa
A000476,Trần Ngọc Vàng
A000477,Trần Phong
A000478,Trần Quang Minh
A000479,Trần Thanh Tùng
A000480,Trần Thiên Tú
A000481,Trần Tiểu Vy
A000482,Trần Vân Anh
A000483,Trịnh Thăng Bình
A000484,Trịnh Tài
A000485,Trịnh Tú Trung
A000486,Trịnh Xuân Nhãn
A000487,Trọng Hải
A000488,Tuyết Anh
A000489,Tuyết Thu
A000490,Tuấn Dũng
A000491,Tuấn Hưng
A000492,Tuấn Khải
A000493,Tuấn Trần
A000494,Tuấn Zoi
A000495,Tuệ Minh
A000496,Tín Nguyễn
A000497,Tóc Tiên
A000498,Tôn Kinh Lâm
A000499,Tùng Lee
A000500,Tạ Lâm
A000501,Tạ Minh Tâm
A000502,Tấn Beo
A000503,Tấn Thi
A000504,Tống Yến Nhi
A000505,Uy Nhân
A000506,Uyển Ân
A000507,Vinh Râu
A000508,Vinh Râu)
A000509,Việt Hưng
A000510,Việt Hương
A000511,Việt Linh
A000512,Vân Dung
A000513,Vân Trang
A000514,Võ Thành Tâm
A000515,Võ Tấn Phát
A000516,Võ Điền Gia Huy
A000517,Võ Đăng Khoa
A000518,Văn Lượng
A000519,Vĩnh Xương
A000520,Vũ Long
A000521,Vũ Ngọc Mạnh
A000522,Vũ Trung Đức
A000523,Vũ Đức Ngọc
A000524,Vương Thanh Tùng
A000525,Will
A000526,Wowy
A000527,Xuân Hinh
A000528,Xuân Hiệp
A000529,Xuân Hồng
A000530,Xuân Lan
A000531,Xuân Nghị
A000532,Xuân Phúc
A000533,Xuân Trang
A000534,Xuân Văn
A000535,YaYa Trương Nhi
A000536,Yu ChU
A000537,Yu Dương
A000538,Yuno BigBoi
A000539,nan
A000540,Á Hậu Minh Kiên
A000541,Ái Như
A000542,Ái Phương
A000543,Ái Vân
A000544,Đan
A000545,Đinh Ngọc Diệp
A000546,Đinh Y Nhung
A000547,Đoàn Minh Anh
A000548,Đoàn Minh Tài
A000549,Đoàn Thiên Ân
A000550,Đoàn Thế Vinh
A000551,Đàm Vĩnh Hưng
A000552,Đào Anh Tuấn
A000553,Đình Hiếu
A000554,Đình Khang
A000555,Đông Kha
A000556,Đại Nghĩa
A000557,Đắc Tín
A000558,Đồng Ánh Quỳnh
A000559,Đỗ Kỳ Phong
A000560,Đỗ Nhật Hoàng
A000561,Đỗ Nhật Trường
A000562,Đỗ Tuyển
A000563,Đức Hải
A000564,Đức Khuê
A000565,Đức Phúc
A000566,Đức Sơn
A000567,Đức Thịnh
A000568,Đức Tiến
A000569,Ốc Thanh Vân
