u,v,label,score,model,group,case
A000305,A000370,1,0.61520416,GCN(2-layer)+Dot,GCN,case1
A000048,A000125,1,0.68339276,GCN(2-layer)+Dot,GCN,case1
A000010,A000550,1,0.7099236,GCN(2-layer)+Dot,GCN,case1
A000386,A000516,1,0.5631584,GCN(2-layer)+Dot,GCN,case1
A000121,A000191,1,0.57208216,GCN(2-layer)+Dot,GCN,case1
A000108,A000513,1,0.5181129,GCN(2-layer)+Dot,GCN,case1
A000099,A000161,1,0.57714784,GCN(2-layer)+Dot,GCN,case1
A000059,A000233,1,0.54513067,GCN(2-layer)+Dot,GCN,case1
A000382,A000545,1,0.5914047,GCN(2-layer)+Dot,GCN,case1
A000045,A000179,1,0.64790964,GCN(2-layer)+Dot,GCN,case1
A000335,A000529,1,0.59918976,GCN(2-layer)+Dot,GCN,case1
A000385,A000513,1,0.6986753,GCN(2-layer)+Dot,GCN,case1
A000249,A000465,1,0.4910765,GCN(2-layer)+Dot,GCN,case1
A000038,A000434,1,0.57525814,GCN(2-layer)+Dot,GCN,case1
A000272,A000512,1,0.62405163,GCN(2-layer)+Dot,GCN,case1
A000181,A000459,1,0.6249188,GCN(2-layer)+Dot,GCN,case1
A000013,A000038,1,0.5331284,GCN(2-layer)+Dot,GCN,case1
A000012,A000170,1,0.5503119,GCN(2-layer)+Dot,GCN,case1
A000042,A000118,1,0.5240183,GCN(2-layer)+Dot,GCN,case1
A000096,A000255,1,0.6510922,GCN(2-layer)+Dot,GCN,case1
A000102,A000476,1,0.50569075,GCN(2-layer)+Dot,GCN,case1
A000223,A000515,1,0.5134969,GCN(2-layer)+Dot,GCN,case1
A000274,A000556,1,0.90487164,GCN(2-layer)+Dot,GCN,case1
A000011,A000257,1,0.60303766,GCN(2-layer)+Dot,GCN,case1
A000256,A000274,1,0.9187452,GCN(2-layer)+Dot,GCN,case1
A000089,A000138,1,0.5064123,GCN(2-layer)+Dot,GCN,case1
A000373,A000407,1,0.7537544,GCN(2-layer)+Dot,GCN,case1
A000313,A000322,1,0.5081,GCN(2-layer)+Dot,GCN,case1
A000356,A000560,1,0.5826613,GCN(2-layer)+Dot,GCN,case1
A000249,A000463,1,0.7035718,GCN(2-layer)+Dot,GCN,case1
A000181,A000219,1,0.5575521,GCN(2-layer)+Dot,GCN,case1
A000097,A000124,1,0.515131,GCN(2-layer)+Dot,GCN,case1
A000190,A000530,1,0.4785954,GCN(2-layer)+Dot,GCN,case1
A000272,A000403,1,0.7184524,GCN(2-layer)+Dot,GCN,case1
A000122,A000256,1,0.48328272,GCN(2-layer)+Dot,GCN,case1
A000477,A000569,1,0.5668209,GCN(2-layer)+Dot,GCN,case1
A000004,A000383,1,0.7227731,GCN(2-layer)+Dot,GCN,case1
A000404,A000432,1,0.51271385,GCN(2-layer)+Dot,GCN,case1
A000474,A000518,1,0.5916927,GCN(2-layer)+Dot,GCN,case1
A000067,A000161,1,0.5564909,GCN(2-layer)+Dot,GCN,case1
A000354,A000481,1,0.5624137,GCN(2-layer)+Dot,GCN,case1
A000181,A000493,1,0.9159948,GCN(2-layer)+Dot,GCN,case1
A000143,A000436,1,0.6509551,GCN(2-layer)+Dot,GCN,case1
A000122,A000217,1,0.4967162,GCN(2-layer)+Dot,GCN,case1
A000065,A000378,1,0.72384423,GCN(2-layer)+Dot,GCN,case1
A000095,A000197,1,0.75790775,GCN(2-layer)+Dot,GCN,case1
A000412,A000527,1,0.4876745,GCN(2-layer)+Dot,GCN,case1
A000143,A000233,1,0.68900156,GCN(2-layer)+Dot,GCN,case1
A000045,A000137,1,0.5335887,GCN(2-layer)+Dot,GCN,case1
A000041,A000329,1,0.49959812,GCN(2-layer)+Dot,GCN,case1
A000169,A000274,1,0.72729266,GCN(2-layer)+Dot,GCN,case1
A000043,A000443,1,0.5596536,GCN(2-layer)+Dot,GCN,case1
A000158,A000276,1,0.534051,GCN(2-layer)+Dot,GCN,case1
A000145,A000285,1,0.50107783,GCN(2-layer)+Dot,GCN,case1
A000276,A000426,1,0.53063935,GCN(2-layer)+Dot,GCN,case1
A000114,A000514,1,0.5536014,GCN(2-layer)+Dot,GCN,case1
A000475,A000481,1,0.5639329,GCN(2-layer)+Dot,GCN,case1
A000019,A000105,1,0.54321694,GCN(2-layer)+Dot,GCN,case1
A000380,A000547,1,0.56083,GCN(2-layer)+Dot,GCN,case1
A000193,A000479,1,0.5405707,GCN(2-layer)+Dot,GCN,case1
A000245,A000351,1,0.5151244,GCN(2-layer)+Dot,GCN,case1
A000054,A000280,1,0.5466534,GCN(2-layer)+Dot,GCN,case1
A000168,A000332,1,0.49876407,GCN(2-layer)+Dot,GCN,case1
A000034,A000137,1,0.5332479,GCN(2-layer)+Dot,GCN,case1
A000254,A000257,1,0.5835431,GCN(2-layer)+Dot,GCN,case1
A000126,A000391,1,0.60181,GCN(2-layer)+Dot,GCN,case1
A000297,A000348,1,0.53671354,GCN(2-layer)+Dot,GCN,case1
A000286,A000432,1,0.5208538,GCN(2-layer)+Dot,GCN,case1
A000158,A000426,1,0.80005735,GCN(2-layer)+Dot,GCN,case1
A000263,A000424,1,0.5488769,GCN(2-layer)+Dot,GCN,case1
A000087,A000298,1,0.56444955,GCN(2-layer)+Dot,GCN,case1
A000362,A000422,1,0.5442817,GCN(2-layer)+Dot,GCN,case1
A000030,A000174,1,0.505319,GCN(2-layer)+Dot,GCN,case1
A000019,A000554,1,0.55276716,GCN(2-layer)+Dot,GCN,case1
A000323,A000412,1,0.6738736,GCN(2-layer)+Dot,GCN,case1
A000100,A000197,1,0.49746984,GCN(2-layer)+Dot,GCN,case1
A000424,A000478,1,0.52711743,GCN(2-layer)+Dot,GCN,case1
A000125,A000403,1,0.66643286,GCN(2-layer)+Dot,GCN,case1
A000034,A000274,1,0.71037465,GCN(2-layer)+Dot,GCN,case1
A000102,A000532,1,0.50378346,GCN(2-layer)+Dot,GCN,case1
A000044,A000454,1,0.55579746,GCN(2-layer)+Dot,GCN,case1
A000192,A000195,1,0.59003264,GCN(2-layer)+Dot,GCN,case1
A000303,A000451,1,0.54540265,GCN(2-layer)+Dot,GCN,case1
A000159,A000256,1,0.7500026,GCN(2-layer)+Dot,GCN,case1
A000070,A000284,1,0.5126582,GCN(2-layer)+Dot,GCN,case1
A000162,A000187,1,0.54546005,GCN(2-layer)+Dot,GCN,case1
A000156,A000343,1,0.63425285,GCN(2-layer)+Dot,GCN,case1
A000093,A000333,1,0.7548176,GCN(2-layer)+Dot,GCN,case1
A000333,A000466,1,0.55006784,GCN(2-layer)+Dot,GCN,case1
A000115,A000381,1,0.5936271,GCN(2-layer)+Dot,GCN,case1
A000357,A000465,1,0.49836338,GCN(2-layer)+Dot,GCN,case1
A000345,A000439,1,0.53539723,GCN(2-layer)+Dot,GCN,case1
A000311,A000487,1,0.52820474,GCN(2-layer)+Dot,GCN,case1
A000031,A000331,1,0.575323,GCN(2-layer)+Dot,GCN,case1
A000281,A000351,1,0.7598683,GCN(2-layer)+Dot,GCN,case1
A000303,A000422,1,0.54682356,GCN(2-layer)+Dot,GCN,case1
A000076,A000406,1,0.54971206,GCN(2-layer)+Dot,GCN,case1
A000242,A000398,1,0.5614131,GCN(2-layer)+Dot,GCN,case1
A000380,A000537,1,0.6034736,GCN(2-layer)+Dot,GCN,case1
A000108,A000484,1,0.5042874,GCN(2-layer)+Dot,GCN,case1
A000071,A000127,1,0.53817123,GCN(2-layer)+Dot,GCN,case1
A000195,A000309,1,0.53310055,GCN(2-layer)+Dot,GCN,case1
A000168,A000546,1,0.49525774,GCN(2-layer)+Dot,GCN,case1
A000116,A000522,1,0.5519002,GCN(2-layer)+Dot,GCN,case1
A000305,A000516,1,0.675081,GCN(2-layer)+Dot,GCN,case1
A000348,A000537,1,0.64596844,GCN(2-layer)+Dot,GCN,case1
A000255,A000387,1,0.6883817,GCN(2-layer)+Dot,GCN,case1
A000096,A000495,1,0.5361048,GCN(2-layer)+Dot,GCN,case1
A000346,A000508,1,0.5007609,GCN(2-layer)+Dot,GCN,case1
A000141,A000259,1,0.73585916,GCN(2-layer)+Dot,GCN,case1
A000416,A000515,1,0.62339485,GCN(2-layer)+Dot,GCN,case1
A000425,A000515,1,0.7767219,GCN(2-layer)+Dot,GCN,case1
A000025,A000330,1,0.57770306,GCN(2-layer)+Dot,GCN,case1
A000100,A000425,1,0.49773934,GCN(2-layer)+Dot,GCN,case1
A000514,A000569,1,0.5146812,GCN(2-layer)+Dot,GCN,case1
A000013,A000096,1,0.5289529,GCN(2-layer)+Dot,GCN,case1
A000474,A000487,1,0.5743629,GCN(2-layer)+Dot,GCN,case1
A000139,A000206,1,0.4814541,GCN(2-layer)+Dot,GCN,case1
A000177,A000242,1,0.5882994,GCN(2-layer)+Dot,GCN,case1
A000116,A000192,1,0.6065733,GCN(2-layer)+Dot,GCN,case1
A000029,A000171,1,0.5272759,GCN(2-layer)+Dot,GCN,case1
A000093,A000442,1,0.8369203,GCN(2-layer)+Dot,GCN,case1
A000258,A000407,1,0.5504053,GCN(2-layer)+Dot,GCN,case1
A000373,A000515,1,0.77969915,GCN(2-layer)+Dot,GCN,case1
A000139,A000143,1,0.90431327,GCN(2-layer)+Dot,GCN,case1
A000094,A000143,1,0.48384228,GCN(2-layer)+Dot,GCN,case1
A000320,A000430,1,0.6351376,GCN(2-layer)+Dot,GCN,case1
A000214,A000511,1,0.53309715,GCN(2-layer)+Dot,GCN,case1
A000174,A000274,1,0.5812765,GCN(2-layer)+Dot,GCN,case1
A000308,A000381,1,0.90759075,GCN(2-layer)+Dot,GCN,case1
A000193,A000444,1,0.53256255,GCN(2-layer)+Dot,GCN,case1
A000061,A000343,1,0.5138995,GCN(2-layer)+Dot,GCN,case1
A000114,A000531,1,0.63556665,GCN(2-layer)+Dot,GCN,case1
A000109,A000255,1,0.806381,GCN(2-layer)+Dot,GCN,case1
A000391,A000420,1,0.65782684,GCN(2-layer)+Dot,GCN,case1
A000256,A000291,1,0.4942465,GCN(2-layer)+Dot,GCN,case1
A000248,A000300,1,0.5316719,GCN(2-layer)+Dot,GCN,case1
A000114,A000367,1,0.6237881,GCN(2-layer)+Dot,GCN,case1
A000391,A000559,1,0.54044485,GCN(2-layer)+Dot,GCN,case1
A000269,A000467,1,0.5402506,GCN(2-layer)+Dot,GCN,case1
A000183,A000490,1,0.5113155,GCN(2-layer)+Dot,GCN,case1
A000268,A000473,1,0.5390661,GCN(2-layer)+Dot,GCN,case1
A000176,A000212,1,0.4995648,GCN(2-layer)+Dot,GCN,case1
A000158,A000428,1,0.8624674,GCN(2-layer)+Dot,GCN,case1
A000096,A000434,1,0.565915,GCN(2-layer)+Dot,GCN,case1
A000058,A000284,1,0.5339495,GCN(2-layer)+Dot,GCN,case1
A000226,A000375,1,0.52918243,GCN(2-layer)+Dot,GCN,case1
A000210,A000322,1,0.503775,GCN(2-layer)+Dot,GCN,case1
A000040,A000342,1,0.51693565,GCN(2-layer)+Dot,GCN,case1
A000401,A000549,1,0.5594072,GCN(2-layer)+Dot,GCN,case1
A000020,A000378,1,0.58258647,GCN(2-layer)+Dot,GCN,case1
A000047,A000411,1,0.5669153,GCN(2-layer)+Dot,GCN,case1
A000064,A000435,1,0.5435171,GCN(2-layer)+Dot,GCN,case1
A000296,A000306,1,0.51147383,GCN(2-layer)+Dot,GCN,case1
A000067,A000220,1,0.53751117,GCN(2-layer)+Dot,GCN,case1
A000443,A000518,1,0.5439282,GCN(2-layer)+Dot,GCN,case1
A000342,A000373,1,0.60577226,GCN(2-layer)+Dot,GCN,case1
A000181,A000467,1,0.83462226,GCN(2-layer)+Dot,GCN,case1
A000274,A000369,1,0.7651848,GCN(2-layer)+Dot,GCN,case1
A000028,A000409,1,0.56483495,GCN(2-layer)+Dot,GCN,case1
A000170,A000274,1,0.96187127,GCN(2-layer)+Dot,GCN,case1
A000169,A000380,1,0.5922454,GCN(2-layer)+Dot,GCN,case1
A000274,A000349,1,0.7152665,GCN(2-layer)+Dot,GCN,case1
A000197,A000320,1,0.7414821,GCN(2-layer)+Dot,GCN,case1
A000239,A000332,1,0.5461567,GCN(2-layer)+Dot,GCN,case1
A000110,A000213,1,0.5653174,GCN(2-layer)+Dot,GCN,case1
A000254,A000543,1,0.54003584,GCN(2-layer)+Dot,GCN,case1
A000006,A000362,1,0.5574745,GCN(2-layer)+Dot,GCN,case1
A000340,A000556,1,0.64766693,GCN(2-layer)+Dot,GCN,case1
A000377,A000378,1,0.7615216,GCN(2-layer)+Dot,GCN,case1
A000048,A000374,1,0.5146986,GCN(2-layer)+Dot,GCN,case1
A000344,A000351,1,0.6223956,GCN(2-layer)+Dot,GCN,case1
A000246,A000434,1,0.57474285,GCN(2-layer)+Dot,GCN,case1
A000397,A000543,1,0.5312222,GCN(2-layer)+Dot,GCN,case1
A000115,A000333,1,0.55427563,GCN(2-layer)+Dot,GCN,case1
A000416,A000546,1,0.7133745,GCN(2-layer)+Dot,GCN,case1
A000306,A000383,1,0.60566497,GCN(2-layer)+Dot,GCN,case1
A000126,A000435,1,0.53567934,GCN(2-layer)+Dot,GCN,case1
A000186,A000430,1,0.7505754,GCN(2-layer)+Dot,GCN,case1
A000066,A000080,1,0.52523273,GCN(2-layer)+Dot,GCN,case1
A000192,A000196,1,0.6777047,GCN(2-layer)+Dot,GCN,case1
A000003,A000382,1,0.518763,GCN(2-layer)+Dot,GCN,case1
A000377,A000509,1,0.5170402,GCN(2-layer)+Dot,GCN,case1
A000374,A000478,1,0.50454617,GCN(2-layer)+Dot,GCN,case1
A000114,A000378,1,0.7863869,GCN(2-layer)+Dot,GCN,case1
A000217,A000367,1,0.5299697,GCN(2-layer)+Dot,GCN,case1
A000410,A000562,1,0.533884,GCN(2-layer)+Dot,GCN,case1
A000080,A000462,1,0.6607177,GCN(2-layer)+Dot,GCN,case1
A000225,A000564,1,0.50097823,GCN(2-layer)+Dot,GCN,case1
A000047,A000226,1,0.5465574,GCN(2-layer)+Dot,GCN,case1
A000293,A000482,1,0.5252721,GCN(2-layer)+Dot,GCN,case1
A000129,A000155,1,0.50318754,GCN(2-layer)+Dot,GCN,case1
A000304,A000560,1,0.5578653,GCN(2-layer)+Dot,GCN,case1
A000281,A000348,1,0.76749516,GCN(2-layer)+Dot,GCN,case1
A000165,A000267,1,0.519571,GCN(2-layer)+Dot,GCN,case1
A000411,A000525,1,0.53386706,GCN(2-layer)+Dot,GCN,case1
A000068,A000429,1,0.508728,GCN(2-layer)+Dot,GCN,case1
A000248,A000370,1,0.5267657,GCN(2-layer)+Dot,GCN,case1
A000427,A000472,1,0.5152035,GCN(2-layer)+Dot,GCN,case1
A000240,A000270,1,0.5032099,GCN(2-layer)+Dot,GCN,case1
A000001,A000262,1,0.53226227,GCN(2-layer)+Dot,GCN,case1
A000274,A000473,1,0.60452634,GCN(2-layer)+Dot,GCN,case1
A000141,A000210,1,0.5465324,GCN(2-layer)+Dot,GCN,case1
A000208,A000329,1,0.49540222,GCN(2-layer)+Dot,GCN,case1
A000010,A000137,1,0.5824536,GCN(2-layer)+Dot,GCN,case1
A000048,A000137,1,0.56856626,GCN(2-layer)+Dot,GCN,case1
A000158,A000545,1,0.6798762,GCN(2-layer)+Dot,GCN,case1
A000475,A000477,1,0.68444115,GCN(2-layer)+Dot,GCN,case1
A000136,A000209,1,0.5681,GCN(2-layer)+Dot,GCN,case1
A000105,A000503,1,0.5262607,GCN(2-layer)+Dot,GCN,case1
A000026,A000303,1,0.5309254,GCN(2-layer)+Dot,GCN,case1
A000106,A000124,1,0.5242901,GCN(2-layer)+Dot,GCN,case1
A000037,A000454,1,0.5154134,GCN(2-layer)+Dot,GCN,case1
A000381,A000426,1,0.904762,GCN(2-layer)+Dot,GCN,case1
A000206,A000320,1,0.49144614,GCN(2-layer)+Dot,GCN,case1
A000496,A000538,1,0.57854074,GCN(2-layer)+Dot,GCN,case1
A000030,A000171,1,0.50691944,GCN(2-layer)+Dot,GCN,case1
A000407,A000553,1,0.52349675,GCN(2-layer)+Dot,GCN,case1
A000241,A000255,1,0.56038916,GCN(2-layer)+Dot,GCN,case1
A000414,A000516,1,0.5400828,GCN(2-layer)+Dot,GCN,case1
A000054,A000458,1,0.5453756,GCN(2-layer)+Dot,GCN,case1
A000055,A000166,1,0.6000288,GCN(2-layer)+Dot,GCN,case1
A000321,A000560,1,0.6257264,GCN(2-layer)+Dot,GCN,case1
A000199,A000354,1,0.68594986,GCN(2-layer)+Dot,GCN,case1
A000251,A000454,1,0.49593672,GCN(2-layer)+Dot,GCN,case1
A000072,A000219,1,0.5051486,GCN(2-layer)+Dot,GCN,case1
A000114,A000533,1,0.5366474,GCN(2-layer)+Dot,GCN,case1
A000237,A000477,1,0.6410749,GCN(2-layer)+Dot,GCN,case1
A000278,A000398,1,0.6256472,GCN(2-layer)+Dot,GCN,case1
A000181,A000569,1,0.5697201,GCN(2-layer)+Dot,GCN,case1
A000093,A000493,1,0.87528205,GCN(2-layer)+Dot,GCN,case1
A000248,A000305,1,0.52521944,GCN(2-layer)+Dot,GCN,case1
A000401,A000467,1,0.6920089,GCN(2-layer)+Dot,GCN,case1
A000381,A000382,1,0.7795814,GCN(2-layer)+Dot,GCN,case1
A000349,A000493,1,0.7059031,GCN(2-layer)+Dot,GCN,case1
A000090,A000206,1,0.48995346,GCN(2-layer)+Dot,GCN,case1
A000370,A000426,1,0.6854937,GCN(2-layer)+Dot,GCN,case1
A000137,A000321,1,0.54963696,GCN(2-layer)+Dot,GCN,case1
A000175,A000552,1,0.597761,GCN(2-layer)+Dot,GCN,case1
A000333,A000550,1,0.71158063,GCN(2-layer)+Dot,GCN,case1
A000164,A000425,1,0.47078696,GCN(2-layer)+Dot,GCN,case1
A000187,A000305,1,0.54462516,GCN(2-layer)+Dot,GCN,case1
A000230,A000468,1,0.5307606,GCN(2-layer)+Dot,GCN,case1
A000191,A000417,1,0.49351245,GCN(2-layer)+Dot,GCN,case1
A000051,A000279,1,0.51893675,GCN(2-layer)+Dot,GCN,case1
A000109,A000388,1,0.53823644,GCN(2-layer)+Dot,GCN,case1
A000099,A000312,1,0.5241235,GCN(2-layer)+Dot,GCN,case1
A000028,A000471,1,0.56483495,GCN(2-layer)+Dot,GCN,case1
A000143,A000323,1,0.72962385,GCN(2-layer)+Dot,GCN,case1
A000010,A000274,1,0.9120257,GCN(2-layer)+Dot,GCN,case1
A000272,A000381,1,0.90865153,GCN(2-layer)+Dot,GCN,case1
A000255,A000257,1,0.7572455,GCN(2-layer)+Dot,GCN,case1
A000101,A000191,1,0.5837796,GCN(2-layer)+Dot,GCN,case1
A000272,A000382,1,0.66745836,GCN(2-layer)+Dot,GCN,case1
A000004,A000413,1,0.6092881,GCN(2-layer)+Dot,GCN,case1
A000031,A000205,1,0.49035484,GCN(2-layer)+Dot,GCN,case1
A000365,A000535,1,0.5419608,GCN(2-layer)+Dot,GCN,case1
A000300,A000305,1,0.6358734,GCN(2-layer)+Dot,GCN,case1
A000026,A000422,1,0.535578,GCN(2-layer)+Dot,GCN,case1
A000100,A000398,1,0.49737456,GCN(2-layer)+Dot,GCN,case1
A000029,A000255,1,0.7291062,GCN(2-layer)+Dot,GCN,case1
A000012,A000493,1,0.5646576,GCN(2-layer)+Dot,GCN,case1
A000142,A000274,1,0.88646394,GCN(2-layer)+Dot,GCN,case1
A000229,A000507,1,0.5235634,GCN(2-layer)+Dot,GCN,case1
A000105,A000374,1,0.51215106,GCN(2-layer)+Dot,GCN,case1
A000122,A000274,1,0.46947777,GCN(2-layer)+Dot,GCN,case1
A000333,A000381,1,0.9084432,GCN(2-layer)+Dot,GCN,case1
A000205,A000387,1,0.48926678,GCN(2-layer)+Dot,GCN,case1
A000095,A000139,1,0.717195,GCN(2-layer)+Dot,GCN,case1
A000056,A000178,1,0.57463133,GCN(2-layer)+Dot,GCN,case1
A000378,A000390,1,0.5441844,GCN(2-layer)+Dot,GCN,case1
A000260,A000268,1,0.5574631,GCN(2-layer)+Dot,GCN,case1
A000262,A000477,1,0.7161877,GCN(2-layer)+Dot,GCN,case1
A000198,A000249,1,0.52624595,GCN(2-layer)+Dot,GCN,case1
A000107,A000477,1,0.5729238,GCN(2-layer)+Dot,GCN,case1
A000432,A000540,1,0.5208538,GCN(2-layer)+Dot,GCN,case1
A000198,A000378,1,0.5242525,GCN(2-layer)+Dot,GCN,case1
A000475,A000566,1,0.53588253,GCN(2-layer)+Dot,GCN,case1
A000177,A000531,1,0.75612515,GCN(2-layer)+Dot,GCN,case1
A000087,A000110,1,0.6999228,GCN(2-layer)+Dot,GCN,case1
A000042,A000455,1,0.50734156,GCN(2-layer)+Dot,GCN,case1
A000043,A000451,1,0.5533515,GCN(2-layer)+Dot,GCN,case1
A000321,A000538,1,0.5682414,GCN(2-layer)+Dot,GCN,case1
A000186,A000229,1,0.5369067,GCN(2-layer)+Dot,GCN,case1
A000156,A000244,1,0.4946259,GCN(2-layer)+Dot,GCN,case1
A000182,A000197,1,0.58299744,GCN(2-layer)+Dot,GCN,case1
A000179,A000321,1,0.71648854,GCN(2-layer)+Dot,GCN,case1
A000197,A000255,1,0.96425635,GCN(2-layer)+Dot,GCN,case1
A000024,A000473,1,0.55205446,GCN(2-layer)+Dot,GCN,case1
A000334,A000559,1,0.51677215,GCN(2-layer)+Dot,GCN,case1
A000319,A000474,1,0.61971736,GCN(2-layer)+Dot,GCN,case1
A000310,A000363,1,0.5300192,GCN(2-layer)+Dot,GCN,case1
A000044,A000056,1,0.63930786,GCN(2-layer)+Dot,GCN,case1
A000026,A000518,1,0.526657,GCN(2-layer)+Dot,GCN,case1
A000177,A000332,1,0.70064753,GCN(2-layer)+Dot,GCN,case1
A000380,A000467,1,0.7409142,GCN(2-layer)+Dot,GCN,case1
A000143,A000402,1,0.63469124,GCN(2-layer)+Dot,GCN,case1
A000462,A000485,1,0.55887437,GCN(2-layer)+Dot,GCN,case1
A000047,A000379,1,0.5803436,GCN(2-layer)+Dot,GCN,case1
A000109,A000430,1,0.6613079,GCN(2-layer)+Dot,GCN,case1
A000087,A000213,1,0.5583243,GCN(2-layer)+Dot,GCN,case1
A000190,A000506,1,0.77312565,GCN(2-layer)+Dot,GCN,case1
A000059,A000448,1,0.531931,GCN(2-layer)+Dot,GCN,case1
A000084,A000274,1,0.84413385,GCN(2-layer)+Dot,GCN,case1
A000195,A000318,1,0.5388297,GCN(2-layer)+Dot,GCN,case1
A000109,A000513,1,0.6331533,GCN(2-layer)+Dot,GCN,case1
A000033,A000125,1,0.59485054,GCN(2-layer)+Dot,GCN,case1
A000189,A000391,1,0.77897495,GCN(2-layer)+Dot,GCN,case1
A000476,A000531,1,0.6131654,GCN(2-layer)+Dot,GCN,case1
A000253,A000274,1,0.64538723,GCN(2-layer)+Dot,GCN,case1
A000043,A000518,1,0.54134595,GCN(2-layer)+Dot,GCN,case1
A000023,A000477,1,0.5804101,GCN(2-layer)+Dot,GCN,case1
A000319,A000362,1,0.5436182,GCN(2-layer)+Dot,GCN,case1
A000249,A000266,1,0.4781503,GCN(2-layer)+Dot,GCN,case1
A000008,A000349,1,0.51866597,GCN(2-layer)+Dot,GCN,case1
A000042,A000082,1,0.5240183,GCN(2-layer)+Dot,GCN,case1
A000398,A000505,1,0.61080205,GCN(2-layer)+Dot,GCN,case1
A000105,A000230,1,0.71788746,GCN(2-layer)+Dot,GCN,case1
A000073,A000229,1,0.5083741,GCN(2-layer)+Dot,GCN,case1
A000177,A000493,1,0.96970034,GCN(2-layer)+Dot,GCN,case1
A000205,A000420,1,0.48855507,GCN(2-layer)+Dot,GCN,case1
A000200,A000569,1,0.55391616,GCN(2-layer)+Dot,GCN,case1
A000094,A000373,1,0.47964838,GCN(2-layer)+Dot,GCN,case1
A000177,A000225,1,0.68276364,GCN(2-layer)+Dot,GCN,case1
A000026,A000362,1,0.52930456,GCN(2-layer)+Dot,GCN,case1
A000072,A000150,1,0.50310606,GCN(2-layer)+Dot,GCN,case1
A000168,A000492,1,0.50034094,GCN(2-layer)+Dot,GCN,case1
A000002,A000398,1,0.5653529,GCN(2-layer)+Dot,GCN,case1
A000171,A000255,1,0.5975545,GCN(2-layer)+Dot,GCN,case1
A000114,A000552,1,0.60670066,GCN(2-layer)+Dot,GCN,case1
A000432,A000433,1,0.5170454,GCN(2-layer)+Dot,GCN,case1
A000434,A000443,1,0.59978056,GCN(2-layer)+Dot,GCN,case1
A000192,A000245,1,0.5193031,GCN(2-layer)+Dot,GCN,case1
A000124,A000367,1,0.6386352,GCN(2-layer)+Dot,GCN,case1
A000181,A000531,1,0.68517464,GCN(2-layer)+Dot,GCN,case1
A000354,A000396,1,0.49973407,GCN(2-layer)+Dot,GCN,case1
A000381,A000391,1,0.92278767,GCN(2-layer)+Dot,GCN,case1
A000431,A000487,1,0.5309905,GCN(2-layer)+Dot,GCN,case1
A000255,A000347,1,0.5479875,GCN(2-layer)+Dot,GCN,case1
A000325,A000383,1,0.56129396,GCN(2-layer)+Dot,GCN,case1
A000373,A000552,1,0.7322464,GCN(2-layer)+Dot,GCN,case1
A000206,A000557,1,0.49786127,GCN(2-layer)+Dot,GCN,case1
A000065,A000359,1,0.59376866,GCN(2-layer)+Dot,GCN,case1
A000086,A000446,1,0.51833993,GCN(2-layer)+Dot,GCN,case1
A000128,A000451,1,0.5631438,GCN(2-layer)+Dot,GCN,case1
A000095,A000541,1,0.5242635,GCN(2-layer)+Dot,GCN,case1
A000026,A000335,1,0.561723,GCN(2-layer)+Dot,GCN,case1
A000265,A000475,1,0.6290613,GCN(2-layer)+Dot,GCN,case1
A000382,A000407,1,0.5844876,GCN(2-layer)+Dot,GCN,case1
A000249,A000336,1,0.5199836,GCN(2-layer)+Dot,GCN,case1
A000026,A000529,1,0.5371834,GCN(2-layer)+Dot,GCN,case1
A000392,A000496,1,0.59591496,GCN(2-layer)+Dot,GCN,case1
A000137,A000550,1,0.55928195,GCN(2-layer)+Dot,GCN,case1
A000026,A000043,1,0.5364305,GCN(2-layer)+Dot,GCN,case1
A000023,A000363,1,0.52008265,GCN(2-layer)+Dot,GCN,case1
A000268,A000523,1,0.56428987,GCN(2-layer)+Dot,GCN,case1
A000199,A000450,1,0.6512555,GCN(2-layer)+Dot,GCN,case1
A000220,A000441,1,0.5291862,GCN(2-layer)+Dot,GCN,case1
A000240,A000309,1,0.570322,GCN(2-layer)+Dot,GCN,case1
A000065,A000499,1,0.5807705,GCN(2-layer)+Dot,GCN,case1
A000025,A000420,1,0.5783349,GCN(2-layer)+Dot,GCN,case1
A000226,A000261,1,0.52918243,GCN(2-layer)+Dot,GCN,case1
A000034,A000321,1,0.57201236,GCN(2-layer)+Dot,GCN,case1
A000084,A000501,1,0.54798216,GCN(2-layer)+Dot,GCN,case1
A000029,A000556,1,0.6363187,GCN(2-layer)+Dot,GCN,case1
A000274,A000344,1,0.7193241,GCN(2-layer)+Dot,GCN,case1
A000029,A000279,1,0.5298774,GCN(2-layer)+Dot,GCN,case1
A000335,A000451,1,0.5915853,GCN(2-layer)+Dot,GCN,case1
A000105,A000125,1,0.65312576,GCN(2-layer)+Dot,GCN,case1
A000177,A000383,1,0.91499245,GCN(2-layer)+Dot,GCN,case1
A000051,A000174,1,0.51275104,GCN(2-layer)+Dot,GCN,case1
A000259,A000425,1,0.8181755,GCN(2-layer)+Dot,GCN,case1
A000109,A000229,1,0.5210023,GCN(2-layer)+Dot,GCN,case1
A000265,A000472,1,0.66404665,GCN(2-layer)+Dot,GCN,case1
A000274,A000323,1,0.7845031,GCN(2-layer)+Dot,GCN,case1
A000017,A000097,1,0.50138,GCN(2-layer)+Dot,GCN,case1
A000287,A000368,1,0.53740776,GCN(2-layer)+Dot,GCN,case1
A000034,A000538,1,0.5457718,GCN(2-layer)+Dot,GCN,case1
A000181,A000208,1,0.7361063,GCN(2-layer)+Dot,GCN,case1
A000321,A000391,1,0.69061625,GCN(2-layer)+Dot,GCN,case1
A000257,A000424,1,0.55527925,GCN(2-layer)+Dot,GCN,case1
A000233,A000568,1,0.5346633,GCN(2-layer)+Dot,GCN,case1
A000139,A000262,1,0.7479779,GCN(2-layer)+Dot,GCN,case1
A000114,A000190,1,0.6926054,GCN(2-layer)+Dot,GCN,case1
A000090,A000557,1,0.5304065,GCN(2-layer)+Dot,GCN,case1
A000333,A000432,1,0.6124715,GCN(2-layer)+Dot,GCN,case1
A000373,A000412,1,0.9128393,GCN(2-layer)+Dot,GCN,case1
A000138,A000200,1,0.47306532,GCN(2-layer)+Dot,GCN,case1
A000105,A000403,1,0.6519435,GCN(2-layer)+Dot,GCN,case1
A000114,A000569,1,0.55015016,GCN(2-layer)+Dot,GCN,case1
A000174,A000279,1,0.5094228,GCN(2-layer)+Dot,GCN,case1
A000055,A000516,1,0.70980734,GCN(2-layer)+Dot,GCN,case1
A000309,A000318,1,0.5428007,GCN(2-layer)+Dot,GCN,case1
A000129,A000468,1,0.5096397,GCN(2-layer)+Dot,GCN,case1
A000192,A000452,1,0.5288872,GCN(2-layer)+Dot,GCN,case1
A000398,A000444,1,0.6102695,GCN(2-layer)+Dot,GCN,case1
A000031,A000426,1,0.6145457,GCN(2-layer)+Dot,GCN,case1
A000005,A000139,1,0.5193607,GCN(2-layer)+Dot,GCN,case1
A000193,A000348,1,0.60434866,GCN(2-layer)+Dot,GCN,case1
A000289,A000381,1,0.64286554,GCN(2-layer)+Dot,GCN,case1
A000256,A000493,1,0.90870297,GCN(2-layer)+Dot,GCN,case1
A000044,A000320,1,0.5831888,GCN(2-layer)+Dot,GCN,case1
A000032,A000141,1,0.6075905,GCN(2-layer)+Dot,GCN,case1
A000246,A000543,1,0.52678365,GCN(2-layer)+Dot,GCN,case1
A000094,A000326,1,0.49863183,GCN(2-layer)+Dot,GCN,case1
A000224,A000537,1,0.4987059,GCN(2-layer)+Dot,GCN,case1
A000056,A000237,1,0.6240187,GCN(2-layer)+Dot,GCN,case1
A000150,A000327,1,0.5053108,GCN(2-layer)+Dot,GCN,case1
A000030,A000039,1,0.51281357,GCN(2-layer)+Dot,GCN,case1
A000108,A000247,1,0.5059091,GCN(2-layer)+Dot,GCN,case1
A000161,A000312,1,0.51090294,GCN(2-layer)+Dot,GCN,case1
A000124,A000355,1,0.5242901,GCN(2-layer)+Dot,GCN,case1
A000065,A000529,1,0.577726,GCN(2-layer)+Dot,GCN,case1
A000249,A000357,1,0.6675095,GCN(2-layer)+Dot,GCN,case1
A000359,A000459,1,0.5613171,GCN(2-layer)+Dot,GCN,case1
A000132,A000524,1,0.5252721,GCN(2-layer)+Dot,GCN,case1
A000281,A000537,1,0.63855976,GCN(2-layer)+Dot,GCN,case1
A000319,A000499,1,0.5581226,GCN(2-layer)+Dot,GCN,case1
A000239,A000329,1,0.49819878,GCN(2-layer)+Dot,GCN,case1
A000004,A000506,1,0.71845305,GCN(2-layer)+Dot,GCN,case1
A000332,A000492,1,0.55563915,GCN(2-layer)+Dot,GCN,case1
A000499,A000518,1,0.5442903,GCN(2-layer)+Dot,GCN,case1
A000255,A000275,1,0.63511527,GCN(2-layer)+Dot,GCN,case1
A000129,A000383,1,0.6331246,GCN(2-layer)+Dot,GCN,case1
A000327,A000393,1,0.525126,GCN(2-layer)+Dot,GCN,case1
A000045,A000321,1,0.5727089,GCN(2-layer)+Dot,GCN,case1
A000056,A000361,1,0.5630276,GCN(2-layer)+Dot,GCN,case1
A000048,A000403,1,0.68222475,GCN(2-layer)+Dot,GCN,case1
A000047,A000268,1,0.63689214,GCN(2-layer)+Dot,GCN,case1
A000387,A000398,1,0.6311086,GCN(2-layer)+Dot,GCN,case1
A000120,A000304,1,0.53297514,GCN(2-layer)+Dot,GCN,case1
A000123,A000487,1,0.5309905,GCN(2-layer)+Dot,GCN,case1
A000277,A000392,1,0.5725493,GCN(2-layer)+Dot,GCN,case1
A000093,A000383,1,0.7916067,GCN(2-layer)+Dot,GCN,case1
A000373,A000513,1,0.8119626,GCN(2-layer)+Dot,GCN,case1
A000144,A000177,1,0.5024113,GCN(2-layer)+Dot,GCN,case1
A000090,A000474,1,0.6900622,GCN(2-layer)+Dot,GCN,case1
A000348,A000479,1,0.61848205,GCN(2-layer)+Dot,GCN,case1
A000303,A000319,1,0.5461971,GCN(2-layer)+Dot,GCN,case1
A000114,A000477,1,0.73729783,GCN(2-layer)+Dot,GCN,case1
A000224,A000504,1,0.49998128,GCN(2-layer)+Dot,GCN,case1
A000110,A000203,1,0.52444214,GCN(2-layer)+Dot,GCN,case1
A000024,A000028,1,0.6375632,GCN(2-layer)+Dot,GCN,case1
A000041,A000239,1,0.5116943,GCN(2-layer)+Dot,GCN,case1
A000303,A000335,1,0.5818554,GCN(2-layer)+Dot,GCN,case1
A000121,A000449,1,0.5869424,GCN(2-layer)+Dot,GCN,case1
A000019,A000250,1,0.51625794,GCN(2-layer)+Dot,GCN,case1
A000003,A000426,1,0.53320825,GCN(2-layer)+Dot,GCN,case1
A000142,A000515,1,0.6492508,GCN(2-layer)+Dot,GCN,case1
A000422,A000434,1,0.59187996,GCN(2-layer)+Dot,GCN,case1
A000055,A000475,1,0.6311417,GCN(2-layer)+Dot,GCN,case1
A000304,A000311,1,0.52999604,GCN(2-layer)+Dot,GCN,case1
A000114,A000249,1,0.81875587,GCN(2-layer)+Dot,GCN,case1
A000386,A000407,1,0.53243804,GCN(2-layer)+Dot,GCN,case1
A000189,A000272,1,0.7631353,GCN(2-layer)+Dot,GCN,case1
A000253,A000525,1,0.5259273,GCN(2-layer)+Dot,GCN,case1
A000362,A000491,1,0.5520915,GCN(2-layer)+Dot,GCN,case1
A000183,A000474,1,0.75335354,GCN(2-layer)+Dot,GCN,case1
A000256,A000272,1,0.7894098,GCN(2-layer)+Dot,GCN,case1
A000005,A000391,1,0.516627,GCN(2-layer)+Dot,GCN,case1
A000350,A000424,1,0.56487787,GCN(2-layer)+Dot,GCN,case1
A000063,A000373,1,0.74265575,GCN(2-layer)+Dot,GCN,case1
A000249,A000475,1,0.7572591,GCN(2-layer)+Dot,GCN,case1
A000014,A000559,1,0.50982517,GCN(2-layer)+Dot,GCN,case1
A000161,A000220,1,0.5235848,GCN(2-layer)+Dot,GCN,case1
A000268,A000305,1,0.62545633,GCN(2-layer)+Dot,GCN,case1
A000254,A000434,1,0.6119858,GCN(2-layer)+Dot,GCN,case1
A000063,A000197,1,0.7118619,GCN(2-layer)+Dot,GCN,case1
A000185,A000234,1,0.5129649,GCN(2-layer)+Dot,GCN,case1
A000055,A000151,1,0.47813147,GCN(2-layer)+Dot,GCN,case1
A000018,A000301,1,0.5318197,GCN(2-layer)+Dot,GCN,case1
A000136,A000321,1,0.5819999,GCN(2-layer)+Dot,GCN,case1
A000159,A000248,1,0.53596383,GCN(2-layer)+Dot,GCN,case1
A000449,A000510,1,0.7440854,GCN(2-layer)+Dot,GCN,case1
A000017,A000124,1,0.515131,GCN(2-layer)+Dot,GCN,case1
A000158,A000177,1,0.90057135,GCN(2-layer)+Dot,GCN,case1
A000093,A000348,1,0.7538324,GCN(2-layer)+Dot,GCN,case1
A000344,A000364,1,0.5179101,GCN(2-layer)+Dot,GCN,case1
A000109,A000508,1,0.5005452,GCN(2-layer)+Dot,GCN,case1
A000331,A000556,1,0.6851351,GCN(2-layer)+Dot,GCN,case1
A000045,A000209,1,0.5604578,GCN(2-layer)+Dot,GCN,case1
A000156,A000166,1,0.6187866,GCN(2-layer)+Dot,GCN,case1
A000428,A000506,1,0.8718564,GCN(2-layer)+Dot,GCN,case1
A000255,A000507,1,0.8279633,GCN(2-layer)+Dot,GCN,case1
A000288,A000467,1,0.5193001,GCN(2-layer)+Dot,GCN,case1
A000396,A000475,1,0.49986044,GCN(2-layer)+Dot,GCN,case1
A000065,A000335,1,0.62943614,GCN(2-layer)+Dot,GCN,case1
A000105,A000250,1,0.5535492,GCN(2-layer)+Dot,GCN,case1
A000070,A000270,1,0.5005218,GCN(2-layer)+Dot,GCN,case1
A000457,A000511,1,0.5523625,GCN(2-layer)+Dot,GCN,case1
A000482,A000524,1,0.51815146,GCN(2-layer)+Dot,GCN,case1
A000080,A000335,1,0.72229666,GCN(2-layer)+Dot,GCN,case1
A000179,A000374,1,0.52276236,GCN(2-layer)+Dot,GCN,case1
A000010,A000538,1,0.6127913,GCN(2-layer)+Dot,GCN,case1
A000080,A000505,1,0.5994422,GCN(2-layer)+Dot,GCN,case1
A000142,A000416,1,0.6906464,GCN(2-layer)+Dot,GCN,case1
A000430,A000508,1,0.5016838,GCN(2-layer)+Dot,GCN,case1
A000179,A000350,1,0.7278141,GCN(2-layer)+Dot,GCN,case1
A000465,A000565,1,0.49963918,GCN(2-layer)+Dot,GCN,case1
A000381,A000550,1,0.8327505,GCN(2-layer)+Dot,GCN,case1
A000109,A000425,1,0.8170335,GCN(2-layer)+Dot,GCN,case1
A000067,A000087,1,0.62909275,GCN(2-layer)+Dot,GCN,case1
A000435,A000480,1,0.5435171,GCN(2-layer)+Dot,GCN,case1
A000047,A000287,1,0.5691335,GCN(2-layer)+Dot,GCN,case1
A000169,A000537,1,0.5632417,GCN(2-layer)+Dot,GCN,case1
A000016,A000420,1,0.58106095,GCN(2-layer)+Dot,GCN,case1
A000197,A000401,1,0.7376777,GCN(2-layer)+Dot,GCN,case1
A000098,A000553,1,0.51079774,GCN(2-layer)+Dot,GCN,case1
A000089,A000376,1,0.47846198,GCN(2-layer)+Dot,GCN,case1
A000496,A000550,1,0.6478558,GCN(2-layer)+Dot,GCN,case1
A000194,A000281,1,0.56329226,GCN(2-layer)+Dot,GCN,case1
A000151,A000391,1,0.46955502,GCN(2-layer)+Dot,GCN,case1
A000134,A000373,1,0.82455933,GCN(2-layer)+Dot,GCN,case1
A000506,A000546,1,0.8138381,GCN(2-layer)+Dot,GCN,case1
A000448,A000568,1,0.5246876,GCN(2-layer)+Dot,GCN,case1
A000100,A000177,1,0.49817374,GCN(2-layer)+Dot,GCN,case1
A000099,A000159,1,0.6866922,GCN(2-layer)+Dot,GCN,case1
A000010,A000445,1,0.7280111,GCN(2-layer)+Dot,GCN,case1
A000322,A000398,1,0.5351859,GCN(2-layer)+Dot,GCN,case1
A000087,A000381,1,0.8549883,GCN(2-layer)+Dot,GCN,case1
A000175,A000512,1,0.5869817,GCN(2-layer)+Dot,GCN,case1
A000141,A000507,1,0.7548546,GCN(2-layer)+Dot,GCN,case1
A000122,A000349,1,0.49350223,GCN(2-layer)+Dot,GCN,case1
A000424,A000519,1,0.5060828,GCN(2-layer)+Dot,GCN,case1
A000122,A000493,1,0.47144067,GCN(2-layer)+Dot,GCN,case1
A000152,A000568,1,0.5302994,GCN(2-layer)+Dot,GCN,case1
A000306,A000493,1,0.6513293,GCN(2-layer)+Dot,GCN,case1
A000226,A000372,1,0.52514875,GCN(2-layer)+Dot,GCN,case1
A000176,A000442,1,0.4839115,GCN(2-layer)+Dot,GCN,case1
A000340,A000509,1,0.5106307,GCN(2-layer)+Dot,GCN,case1
A000142,A000334,1,0.61771446,GCN(2-layer)+Dot,GCN,case1
A000011,A000340,1,0.5976526,GCN(2-layer)+Dot,GCN,case1
A000114,A000198,1,0.5118935,GCN(2-layer)+Dot,GCN,case1
A000266,A000564,1,0.50001884,GCN(2-layer)+Dot,GCN,case1
A000016,A000381,1,0.7774624,GCN(2-layer)+Dot,GCN,case1
A000047,A000368,1,0.5691335,GCN(2-layer)+Dot,GCN,case1
A000274,A000378,1,0.957604,GCN(2-layer)+Dot,GCN,case1
A000186,A000404,1,0.5373217,GCN(2-layer)+Dot,GCN,case1
A000146,A000484,1,0.51271665,GCN(2-layer)+Dot,GCN,case1
A000380,A000506,1,0.7369539,GCN(2-layer)+Dot,GCN,case1
A000434,A000518,1,0.5694463,GCN(2-layer)+Dot,GCN,case1
A000186,A000537,1,0.6583393,GCN(2-layer)+Dot,GCN,case1
A000278,A000348,1,0.6085131,GCN(2-layer)+Dot,GCN,case1
A000227,A000381,1,0.5936271,GCN(2-layer)+Dot,GCN,case1
A000048,A000424,1,0.58556,GCN(2-layer)+Dot,GCN,case1
A000170,A000281,1,0.8381934,GCN(2-layer)+Dot,GCN,case1
A000262,A000512,1,0.5849072,GCN(2-layer)+Dot,GCN,case1
A000086,A000458,1,0.5138433,GCN(2-layer)+Dot,GCN,case1
A000110,A000516,1,0.7458024,GCN(2-layer)+Dot,GCN,case1
A000019,A000350,1,0.5398329,GCN(2-layer)+Dot,GCN,case1
A000366,A000478,1,0.5292338,GCN(2-layer)+Dot,GCN,case1
A000186,A000508,1,0.5028363,GCN(2-layer)+Dot,GCN,case1
A000001,A000477,1,0.5499033,GCN(2-layer)+Dot,GCN,case1
A000231,A000493,1,0.53272015,GCN(2-layer)+Dot,GCN,case1
A000474,A000560,1,0.6961071,GCN(2-layer)+Dot,GCN,case1
A000247,A000513,1,0.54439086,GCN(2-layer)+Dot,GCN,case1
A000348,A000444,1,0.59563774,GCN(2-layer)+Dot,GCN,case1
A000374,A000424,1,0.50606734,GCN(2-layer)+Dot,GCN,case1
A000386,A000547,1,0.5181514,GCN(2-layer)+Dot,GCN,case1
A000383,A000393,1,0.68190265,GCN(2-layer)+Dot,GCN,case1
A000333,A000475,1,0.67876947,GCN(2-layer)+Dot,GCN,case1
A000088,A000374,1,0.51113236,GCN(2-layer)+Dot,GCN,case1
A000159,A000188,1,0.58145374,GCN(2-layer)+Dot,GCN,case1
A000186,A000274,1,0.9270895,GCN(2-layer)+Dot,GCN,case1
A000030,A000255,1,0.5633718,GCN(2-layer)+Dot,GCN,case1
A000330,A000341,1,0.49325898,GCN(2-layer)+Dot,GCN,case1
A000142,A000271,1,0.49969715,GCN(2-layer)+Dot,GCN,case1
A000290,A000372,1,0.5435855,GCN(2-layer)+Dot,GCN,case1
A000138,A000141,1,0.46158257,GCN(2-layer)+Dot,GCN,case1
A000054,A000230,1,0.6892867,GCN(2-layer)+Dot,GCN,case1
A000374,A000554,1,0.5149619,GCN(2-layer)+Dot,GCN,case1
A000129,A000507,1,0.58242977,GCN(2-layer)+Dot,GCN,case1
A000225,A000383,1,0.6409223,GCN(2-layer)+Dot,GCN,case1
A000136,A000445,1,0.6071744,GCN(2-layer)+Dot,GCN,case1
A000178,A000265,1,0.5575645,GCN(2-layer)+Dot,GCN,case1
A000141,A000398,1,0.8565076,GCN(2-layer)+Dot,GCN,case1
A000177,A000320,1,0.74969494,GCN(2-layer)+Dot,GCN,case1
A000354,A000423,1,0.4970961,GCN(2-layer)+Dot,GCN,case1
A000128,A000362,1,0.5534969,GCN(2-layer)+Dot,GCN,case1
A000255,A000274,1,0.9816776,GCN(2-layer)+Dot,GCN,case1
A000055,A000142,1,0.68995094,GCN(2-layer)+Dot,GCN,case1
A000087,A000260,1,0.56353134,GCN(2-layer)+Dot,GCN,case1
A000181,A000349,1,0.6319112,GCN(2-layer)+Dot,GCN,case1
A000330,A000515,1,0.5800636,GCN(2-layer)+Dot,GCN,case1
A000337,A000352,1,0.5029652,GCN(2-layer)+Dot,GCN,case1
A000392,A000538,1,0.5531221,GCN(2-layer)+Dot,GCN,case1
A000080,A000086,1,0.5561558,GCN(2-layer)+Dot,GCN,case1
A000284,A000449,1,0.7176343,GCN(2-layer)+Dot,GCN,case1
A000259,A000401,1,0.61164343,GCN(2-layer)+Dot,GCN,case1
A000131,A000134,1,0.5531973,GCN(2-layer)+Dot,GCN,case1
A000177,A000476,1,0.78093463,GCN(2-layer)+Dot,GCN,case1
A000250,A000350,1,0.5492204,GCN(2-layer)+Dot,GCN,case1
A000001,A000107,1,0.51044244,GCN(2-layer)+Dot,GCN,case1
A000134,A000165,1,0.54506916,GCN(2-layer)+Dot,GCN,case1
A000125,A000179,1,0.7648506,GCN(2-layer)+Dot,GCN,case1
A000434,A000491,1,0.6083454,GCN(2-layer)+Dot,GCN,case1
A000265,A000566,1,0.54249465,GCN(2-layer)+Dot,GCN,case1
A000320,A000325,1,0.5290445,GCN(2-layer)+Dot,GCN,case1
A000141,A000155,1,0.5087989,GCN(2-layer)+Dot,GCN,case1
A000196,A000440,1,0.5426139,GCN(2-layer)+Dot,GCN,case1
A000189,A000281,1,0.7502058,GCN(2-layer)+Dot,GCN,case1
A000335,A000474,1,0.7069055,GCN(2-layer)+Dot,GCN,case1
A000227,A000333,1,0.55427563,GCN(2-layer)+Dot,GCN,case1
A000198,A000445,1,0.5113148,GCN(2-layer)+Dot,GCN,case1
A000445,A000496,1,0.661536,GCN(2-layer)+Dot,GCN,case1
A000382,A000426,1,0.66446126,GCN(2-layer)+Dot,GCN,case1
A000076,A000240,1,0.5820403,GCN(2-layer)+Dot,GCN,case1
A000321,A000531,1,0.6044214,GCN(2-layer)+Dot,GCN,case1
A000037,A000206,1,0.49794307,GCN(2-layer)+Dot,GCN,case1
A000124,A000238,1,0.514373,GCN(2-layer)+Dot,GCN,case1
A000230,A000334,1,0.6449551,GCN(2-layer)+Dot,GCN,case1
A000329,A000453,1,0.49957484,GCN(2-layer)+Dot,GCN,case1
A000301,A000381,1,0.651926,GCN(2-layer)+Dot,GCN,case1
A000143,A000162,1,0.7449036,GCN(2-layer)+Dot,GCN,case1
A000501,A000546,1,0.5632122,GCN(2-layer)+Dot,GCN,case1
A000398,A000420,1,0.6670282,GCN(2-layer)+Dot,GCN,case1
A000104,A000569,1,0.51871765,GCN(2-layer)+Dot,GCN,case1
A000334,A000503,1,0.5169848,GCN(2-layer)+Dot,GCN,case1
A000137,A000179,1,0.60180444,GCN(2-layer)+Dot,GCN,case1
A000089,A000141,1,0.44339252,GCN(2-layer)+Dot,GCN,case1
A000063,A000170,1,0.6939935,GCN(2-layer)+Dot,GCN,case1
A000010,A000526,1,0.5244437,GCN(2-layer)+Dot,GCN,case1
A000020,A000114,1,0.5472506,GCN(2-layer)+Dot,GCN,case1
A000281,A000484,1,0.5453608,GCN(2-layer)+Dot,GCN,case1
A000031,A000464,1,0.51206577,GCN(2-layer)+Dot,GCN,case1
A000192,A000307,1,0.6227239,GCN(2-layer)+Dot,GCN,case1
A000179,A000496,1,0.7449237,GCN(2-layer)+Dot,GCN,case1
A000298,A000523,1,0.5254954,GCN(2-layer)+Dot,GCN,case1
A000262,A000373,1,0.826112,GCN(2-layer)+Dot,GCN,case1
A000087,A000546,1,0.72569215,GCN(2-layer)+Dot,GCN,case1
A000354,A000385,1,0.67713356,GCN(2-layer)+Dot,GCN,case1
A000170,A000233,1,0.68450105,GCN(2-layer)+Dot,GCN,case1
A000210,A000548,1,0.51010525,GCN(2-layer)+Dot,GCN,case1
A000176,A000381,1,0.47727183,GCN(2-layer)+Dot,GCN,case1
A000108,A000194,1,0.5057104,GCN(2-layer)+Dot,GCN,case1
A000063,A000177,1,0.7146855,GCN(2-layer)+Dot,GCN,case1
A000320,A000493,1,0.77062744,GCN(2-layer)+Dot,GCN,case1
A000348,A000485,1,0.6140157,GCN(2-layer)+Dot,GCN,case1
A000004,A000351,1,0.684389,GCN(2-layer)+Dot,GCN,case1
A000419,A000526,1,0.50321853,GCN(2-layer)+Dot,GCN,case1
A000047,A000253,1,0.5519631,GCN(2-layer)+Dot,GCN,case1
A000426,A000558,1,0.4942145,GCN(2-layer)+Dot,GCN,case1
A000183,A000190,1,0.72651887,GCN(2-layer)+Dot,GCN,case1
A000096,A000256,1,0.59467375,GCN(2-layer)+Dot,GCN,case1
A000080,A000244,1,0.494694,GCN(2-layer)+Dot,GCN,case1
A000472,A000477,1,0.73538965,GCN(2-layer)+Dot,GCN,case1
A000353,A000556,1,0.61588055,GCN(2-layer)+Dot,GCN,case1
A000230,A000503,1,0.5426313,GCN(2-layer)+Dot,GCN,case1
A000196,A000380,1,0.63532746,GCN(2-layer)+Dot,GCN,case1
A000255,A000412,1,0.90357834,GCN(2-layer)+Dot,GCN,case1
A000109,A000475,1,0.6206833,GCN(2-layer)+Dot,GCN,case1
A000052,A000074,1,0.5446968,GCN(2-layer)+Dot,GCN,case1
A000192,A000351,1,0.7544566,GCN(2-layer)+Dot,GCN,case1
A000056,A000265,1,0.6979394,GCN(2-layer)+Dot,GCN,case1
A000463,A000556,1,0.6315996,GCN(2-layer)+Dot,GCN,case1
A000196,A000401,1,0.60553324,GCN(2-layer)+Dot,GCN,case1
A000332,A000453,1,0.514798,GCN(2-layer)+Dot,GCN,case1
A000255,A000472,1,0.8369665,GCN(2-layer)+Dot,GCN,case1
A000274,A000347,1,0.5509725,GCN(2-layer)+Dot,GCN,case1
A000139,A000391,1,0.8470294,GCN(2-layer)+Dot,GCN,case1
A000189,A000308,1,0.76170355,GCN(2-layer)+Dot,GCN,case1
A000282,A000545,1,0.5363262,GCN(2-layer)+Dot,GCN,case1
A000493,A000515,1,0.7738141,GCN(2-layer)+Dot,GCN,case1
A000223,A000449,1,0.52349675,GCN(2-layer)+Dot,GCN,case1
A000183,A000398,1,0.795992,GCN(2-layer)+Dot,GCN,case1
A000190,A000369,1,0.630485,GCN(2-layer)+Dot,GCN,case1
A000067,A000074,1,0.55669355,GCN(2-layer)+Dot,GCN,case1
A000388,A000508,1,0.50064653,GCN(2-layer)+Dot,GCN,case1
A000199,A000330,1,0.6533392,GCN(2-layer)+Dot,GCN,case1
A000191,A000249,1,0.8118984,GCN(2-layer)+Dot,GCN,case1
A000113,A000288,1,0.5072895,GCN(2-layer)+Dot,GCN,case1
A000109,A000333,1,0.6994101,GCN(2-layer)+Dot,GCN,case1
A000304,A000402,1,0.5261119,GCN(2-layer)+Dot,GCN,case1
A000121,A000520,1,0.5404827,GCN(2-layer)+Dot,GCN,case1
A000426,A000506,1,0.8082174,GCN(2-layer)+Dot,GCN,case1
A000232,A000406,1,0.55701303,GCN(2-layer)+Dot,GCN,case1
A000204,A000280,1,0.52741045,GCN(2-layer)+Dot,GCN,case1
A000062,A000386,0,0.5470289,GCN(2-layer)+Dot,GCN,case1
A000522,A000529,0,0.5617219,GCN(2-layer)+Dot,GCN,case1
A000057,A000063,0,0.5212813,GCN(2-layer)+Dot,GCN,case1
A000131,A000206,0,0.49652353,GCN(2-layer)+Dot,GCN,case1
A000318,A000043,0,0.5532233,GCN(2-layer)+Dot,GCN,case1
A000298,A000113,0,0.5294102,GCN(2-layer)+Dot,GCN,case1
A000327,A000210,0,0.50590014,GCN(2-layer)+Dot,GCN,case1
A000217,A000275,0,0.51641446,GCN(2-layer)+Dot,GCN,case1
A000216,A000017,0,0.5049895,GCN(2-layer)+Dot,GCN,case1
A000049,A000028,0,0.52728933,GCN(2-layer)+Dot,GCN,case1
A000471,A000209,0,0.56029207,GCN(2-layer)+Dot,GCN,case1
A000046,A000459,0,0.5270381,GCN(2-layer)+Dot,GCN,case1
A000118,A000243,0,0.5430705,GCN(2-layer)+Dot,GCN,case1
A000004,A000100,0,0.4988441,GCN(2-layer)+Dot,GCN,case1
A000267,A000326,0,0.5163069,GCN(2-layer)+Dot,GCN,case1
A000232,A000147,0,0.5113572,GCN(2-layer)+Dot,GCN,case1
A000244,A000254,0,0.49656343,GCN(2-layer)+Dot,GCN,case1
A000026,A000517,0,0.4999596,GCN(2-layer)+Dot,GCN,case1
A000447,A000569,0,0.5019313,GCN(2-layer)+Dot,GCN,case1
A000191,A000411,0,0.5779846,GCN(2-layer)+Dot,GCN,case1
A000044,A000295,0,0.5621723,GCN(2-layer)+Dot,GCN,case1
A000215,A000114,0,0.4690999,GCN(2-layer)+Dot,GCN,case1
A000071,A000354,0,0.5627338,GCN(2-layer)+Dot,GCN,case1
A000441,A000228,0,0.559373,GCN(2-layer)+Dot,GCN,case1
A000121,A000208,0,0.57157356,GCN(2-layer)+Dot,GCN,case1
A000103,A000454,0,0.520579,GCN(2-layer)+Dot,GCN,case1
A000332,A000445,0,0.60316336,GCN(2-layer)+Dot,GCN,case1
A000071,A000412,0,0.61058664,GCN(2-layer)+Dot,GCN,case1
A000203,A000088,0,0.51714504,GCN(2-layer)+Dot,GCN,case1
A000234,A000509,0,0.5044537,GCN(2-layer)+Dot,GCN,case1
A000566,A000496,0,0.5411023,GCN(2-layer)+Dot,GCN,case1
A000327,A000333,0,0.5481068,GCN(2-layer)+Dot,GCN,case1
A000436,A000329,0,0.49728382,GCN(2-layer)+Dot,GCN,case1
A000148,A000438,0,0.5014036,GCN(2-layer)+Dot,GCN,case1
A000311,A000126,0,0.5348319,GCN(2-layer)+Dot,GCN,case1
A000472,A000089,0,0.4657804,GCN(2-layer)+Dot,GCN,case1
A000029,A000170,0,0.69116324,GCN(2-layer)+Dot,GCN,case1
A000122,A000222,0,0.4997053,GCN(2-layer)+Dot,GCN,case1
A000409,A000544,0,0.54017437,GCN(2-layer)+Dot,GCN,case1
A000463,A000356,0,0.5532209,GCN(2-layer)+Dot,GCN,case1
A000273,A000286,0,0.52446187,GCN(2-layer)+Dot,GCN,case1
A000300,A000270,0,0.50417227,GCN(2-layer)+Dot,GCN,case1
A000116,A000218,0,0.5465481,GCN(2-layer)+Dot,GCN,case1
A000355,A000118,0,0.5075373,GCN(2-layer)+Dot,GCN,case1
A000354,A000136,0,0.5802069,GCN(2-layer)+Dot,GCN,case1
A000363,A000356,0,0.5321573,GCN(2-layer)+Dot,GCN,case1
A000309,A000512,0,0.54178363,GCN(2-layer)+Dot,GCN,case1
A000254,A000083,0,0.5665928,GCN(2-layer)+Dot,GCN,case1
A000465,A000359,0,0.4967011,GCN(2-layer)+Dot,GCN,case1
A000424,A000223,0,0.5084876,GCN(2-layer)+Dot,GCN,case1
A000211,A000308,0,0.60145164,GCN(2-layer)+Dot,GCN,case1
A000449,A000092,0,0.5960342,GCN(2-layer)+Dot,GCN,case1
A000355,A000506,0,0.53263277,GCN(2-layer)+Dot,GCN,case1
A000267,A000115,0,0.5158903,GCN(2-layer)+Dot,GCN,case1
A000380,A000241,0,0.52505434,GCN(2-layer)+Dot,GCN,case1
A000148,A000140,0,0.50584704,GCN(2-layer)+Dot,GCN,case1
A000071,A000289,0,0.5278475,GCN(2-layer)+Dot,GCN,case1
A000105,A000528,0,0.5409127,GCN(2-layer)+Dot,GCN,case1
A000035,A000110,0,0.48901156,GCN(2-layer)+Dot,GCN,case1
A000259,A000495,0,0.5781963,GCN(2-layer)+Dot,GCN,case1
A000446,A000022,0,0.5240877,GCN(2-layer)+Dot,GCN,case1
A000142,A000092,0,0.59255326,GCN(2-layer)+Dot,GCN,case1
A000108,A000150,0,0.50286824,GCN(2-layer)+Dot,GCN,case1
A000486,A000463,0,0.5549232,GCN(2-layer)+Dot,GCN,case1
A000086,A000300,0,0.54068476,GCN(2-layer)+Dot,GCN,case1
A000133,A000182,0,0.52404666,GCN(2-layer)+Dot,GCN,case1
A000497,A000247,0,0.5064678,GCN(2-layer)+Dot,GCN,case1
A000131,A000329,0,0.49771276,GCN(2-layer)+Dot,GCN,case1
A000272,A000357,0,0.61149424,GCN(2-layer)+Dot,GCN,case1
A000281,A000160,0,0.5612859,GCN(2-layer)+Dot,GCN,case1
A000148,A000014,0,0.5073002,GCN(2-layer)+Dot,GCN,case1
A000338,A000139,0,0.57174367,GCN(2-layer)+Dot,GCN,case1
A000044,A000547,0,0.54174215,GCN(2-layer)+Dot,GCN,case1
A000358,A000511,0,0.50816274,GCN(2-layer)+Dot,GCN,case1
A000040,A000062,0,0.56468874,GCN(2-layer)+Dot,GCN,case1
A000171,A000513,0,0.53713447,GCN(2-layer)+Dot,GCN,case1
A000471,A000467,0,0.6443078,GCN(2-layer)+Dot,GCN,case1
A000065,A000322,0,0.5174691,GCN(2-layer)+Dot,GCN,case1
A000366,A000225,0,0.54319793,GCN(2-layer)+Dot,GCN,case1
A000486,A000092,0,0.5412576,GCN(2-layer)+Dot,GCN,case1
A000249,A000004,0,0.77400255,GCN(2-layer)+Dot,GCN,case1
A000083,A000294,0,0.5427045,GCN(2-layer)+Dot,GCN,case1
A000231,A000032,0,0.5042238,GCN(2-layer)+Dot,GCN,case1
A000473,A000001,0,0.5093214,GCN(2-layer)+Dot,GCN,case1
A000175,A000295,0,0.5896849,GCN(2-layer)+Dot,GCN,case1
A000180,A000003,0,0.5019312,GCN(2-layer)+Dot,GCN,case1
A000543,A000170,0,0.6068603,GCN(2-layer)+Dot,GCN,case1
A000568,A000453,0,0.50859827,GCN(2-layer)+Dot,GCN,case1
A000122,A000414,0,0.49755895,GCN(2-layer)+Dot,GCN,case1
A000298,A000009,0,0.4992377,GCN(2-layer)+Dot,GCN,case1
A000153,A000114,0,0.52250254,GCN(2-layer)+Dot,GCN,case1
A000219,A000047,0,0.53439313,GCN(2-layer)+Dot,GCN,case1
A000233,A000245,0,0.50857747,GCN(2-layer)+Dot,GCN,case1
A000098,A000188,0,0.5173598,GCN(2-layer)+Dot,GCN,case1
A000058,A000548,0,0.5111627,GCN(2-layer)+Dot,GCN,case1
A000552,A000513,0,0.5897343,GCN(2-layer)+Dot,GCN,case1
A000044,A000368,0,0.5520369,GCN(2-layer)+Dot,GCN,case1
A000359,A000065,0,0.59376866,GCN(2-layer)+Dot,GCN,case1
A000356,A000334,0,0.5518421,GCN(2-layer)+Dot,GCN,case1
A000213,A000239,0,0.5256749,GCN(2-layer)+Dot,GCN,case1
A000168,A000262,0,0.4953801,GCN(2-layer)+Dot,GCN,case1
A000374,A000371,0,0.5035756,GCN(2-layer)+Dot,GCN,case1
A000501,A000078,0,0.5116205,GCN(2-layer)+Dot,GCN,case1
A000546,A000204,0,0.6042622,GCN(2-layer)+Dot,GCN,case1
A000540,A000022,0,0.5128115,GCN(2-layer)+Dot,GCN,case1
A000049,A000289,0,0.5142111,GCN(2-layer)+Dot,GCN,case1
A000361,A000086,0,0.5120965,GCN(2-layer)+Dot,GCN,case1
A000186,A000515,0,0.682265,GCN(2-layer)+Dot,GCN,case1
A000019,A000565,0,0.509941,GCN(2-layer)+Dot,GCN,case1
A000200,A000084,0,0.6815157,GCN(2-layer)+Dot,GCN,case1
A000067,A000150,0,0.5183775,GCN(2-layer)+Dot,GCN,case1
A000443,A000220,0,0.5311572,GCN(2-layer)+Dot,GCN,case1
A000548,A000090,0,0.55498874,GCN(2-layer)+Dot,GCN,case1
A000104,A000226,0,0.5202705,GCN(2-layer)+Dot,GCN,case1
A000242,A000117,0,0.50665325,GCN(2-layer)+Dot,GCN,case1
A000396,A000538,0,0.5000302,GCN(2-layer)+Dot,GCN,case1
A000486,A000103,0,0.5213417,GCN(2-layer)+Dot,GCN,case1
A000332,A000523,0,0.5398688,GCN(2-layer)+Dot,GCN,case1
A000062,A000433,0,0.5320686,GCN(2-layer)+Dot,GCN,case1
A000363,A000123,0,0.5327747,GCN(2-layer)+Dot,GCN,case1
A000357,A000561,0,0.55379087,GCN(2-layer)+Dot,GCN,case1
A000121,A000393,0,0.54771507,GCN(2-layer)+Dot,GCN,case1
A000105,A000068,0,0.53523064,GCN(2-layer)+Dot,GCN,case1
A000478,A000139,0,0.59812146,GCN(2-layer)+Dot,GCN,case1
A000233,A000410,0,0.5454663,GCN(2-layer)+Dot,GCN,case1
A000251,A000379,0,0.49547565,GCN(2-layer)+Dot,GCN,case1
A000382,A000403,0,0.6247764,GCN(2-layer)+Dot,GCN,case1
A000544,A000316,0,0.5115051,GCN(2-layer)+Dot,GCN,case1
A000079,A000529,0,0.5367945,GCN(2-layer)+Dot,GCN,case1
A000506,A000270,0,0.5065297,GCN(2-layer)+Dot,GCN,case1
A000544,A000438,0,0.50295085,GCN(2-layer)+Dot,GCN,case1
A000026,A000245,0,0.5041339,GCN(2-layer)+Dot,GCN,case1
A000546,A000239,0,0.6055851,GCN(2-layer)+Dot,GCN,case1
A000164,A000207,0,0.4839698,GCN(2-layer)+Dot,GCN,case1
A000540,A000564,0,0.50073427,GCN(2-layer)+Dot,GCN,case1
A000156,A000296,0,0.5318352,GCN(2-layer)+Dot,GCN,case1
A000557,A000562,0,0.51495945,GCN(2-layer)+Dot,GCN,case1
A000492,A000375,0,0.5497835,GCN(2-layer)+Dot,GCN,case1
A000358,A000281,0,0.5147141,GCN(2-layer)+Dot,GCN,case1
A000511,A000090,0,0.61751854,GCN(2-layer)+Dot,GCN,case1
A000401,A000084,0,0.6213963,GCN(2-layer)+Dot,GCN,case1
A000062,A000496,0,0.6508943,GCN(2-layer)+Dot,GCN,case1
A000347,A000502,0,0.5073687,GCN(2-layer)+Dot,GCN,case1
A000100,A000050,0,0.5000461,GCN(2-layer)+Dot,GCN,case1
A000451,A000467,0,0.6440569,GCN(2-layer)+Dot,GCN,case1
A000282,A000526,0,0.50527716,GCN(2-layer)+Dot,GCN,case1
A000313,A000353,0,0.53228396,GCN(2-layer)+Dot,GCN,case1
A000355,A000022,0,0.5064529,GCN(2-layer)+Dot,GCN,case1
A000041,A000063,0,0.515778,GCN(2-layer)+Dot,GCN,case1
A000269,A000025,0,0.5177262,GCN(2-layer)+Dot,GCN,case1
A000465,A000432,0,0.49849677,GCN(2-layer)+Dot,GCN,case1
A000531,A000564,0,0.50057316,GCN(2-layer)+Dot,GCN,case1
A000300,A000459,0,0.5883602,GCN(2-layer)+Dot,GCN,case1
A000479,A000452,0,0.5109298,GCN(2-layer)+Dot,GCN,case1
A000157,A000385,0,0.55115277,GCN(2-layer)+Dot,GCN,case1
A000106,A000569,0,0.5057807,GCN(2-layer)+Dot,GCN,case1
A000045,A000215,0,0.48295724,GCN(2-layer)+Dot,GCN,case1
A000122,A000467,0,0.48003995,GCN(2-layer)+Dot,GCN,case1
A000326,A000124,0,0.54740894,GCN(2-layer)+Dot,GCN,case1
A000103,A000127,0,0.51908636,GCN(2-layer)+Dot,GCN,case1
A000473,A000439,0,0.5099427,GCN(2-layer)+Dot,GCN,case1
A000156,A000059,0,0.586325,GCN(2-layer)+Dot,GCN,case1
A000107,A000246,0,0.5232106,GCN(2-layer)+Dot,GCN,case1
A000182,A000016,0,0.53136164,GCN(2-layer)+Dot,GCN,case1
A000058,A000383,0,0.55067104,GCN(2-layer)+Dot,GCN,case1
A000261,A000184,0,0.51811075,GCN(2-layer)+Dot,GCN,case1
A000293,A000206,0,0.4949647,GCN(2-layer)+Dot,GCN,case1
A000189,A000012,0,0.53468204,GCN(2-layer)+Dot,GCN,case1
A000080,A000367,0,0.6614841,GCN(2-layer)+Dot,GCN,case1
A000197,A000066,0,0.5372661,GCN(2-layer)+Dot,GCN,case1
A000470,A000225,0,0.49319935,GCN(2-layer)+Dot,GCN,case1
A000439,A000384,0,0.5159524,GCN(2-layer)+Dot,GCN,case1
A000361,A000364,0,0.509216,GCN(2-layer)+Dot,GCN,case1
A000532,A000025,0,0.564071,GCN(2-layer)+Dot,GCN,case1
A000159,A000552,0,0.6153679,GCN(2-layer)+Dot,GCN,case1
A000518,A000239,0,0.5328332,GCN(2-layer)+Dot,GCN,case1
A000171,A000339,0,0.50135857,GCN(2-layer)+Dot,GCN,case1
A000044,A000273,0,0.568465,GCN(2-layer)+Dot,GCN,case1
A000441,A000270,0,0.50183916,GCN(2-layer)+Dot,GCN,case1
A000465,A000019,0,0.49878275,GCN(2-layer)+Dot,GCN,case1
A000282,A000281,0,0.5643568,GCN(2-layer)+Dot,GCN,case1
A000171,A000138,0,0.49527505,GCN(2-layer)+Dot,GCN,case1
A000076,A000291,0,0.4972972,GCN(2-layer)+Dot,GCN,case1
A000471,A000426,0,0.61977154,GCN(2-layer)+Dot,GCN,case1
A000111,A000549,0,0.5144397,GCN(2-layer)+Dot,GCN,case1
A000465,A000059,0,0.49800143,GCN(2-layer)+Dot,GCN,case1
A000438,A000054,0,0.5050075,GCN(2-layer)+Dot,GCN,case1
A000407,A000367,0,0.5809239,GCN(2-layer)+Dot,GCN,case1
A000167,A000243,0,0.5544398,GCN(2-layer)+Dot,GCN,case1
A000427,A000183,0,0.51894814,GCN(2-layer)+Dot,GCN,case1
A000560,A000011,0,0.63353807,GCN(2-layer)+Dot,GCN,case1
A000156,A000106,0,0.5239591,GCN(2-layer)+Dot,GCN,case1
A000330,A000141,0,0.6711055,GCN(2-layer)+Dot,GCN,case1
A000097,A000160,0,0.5034705,GCN(2-layer)+Dot,GCN,case1
A000177,A000297,0,0.55768555,GCN(2-layer)+Dot,GCN,case1
A000097,A000385,0,0.51764697,GCN(2-layer)+Dot,GCN,case1
A000393,A000014,0,0.5376482,GCN(2-layer)+Dot,GCN,case1
A000476,A000018,0,0.57375807,GCN(2-layer)+Dot,GCN,case1
A000118,A000385,0,0.584628,GCN(2-layer)+Dot,GCN,case1
A000311,A000381,0,0.68725663,GCN(2-layer)+Dot,GCN,case1
A000291,A000391,0,0.4938168,GCN(2-layer)+Dot,GCN,case1
A000205,A000261,0,0.4889852,GCN(2-layer)+Dot,GCN,case1
A000450,A000463,0,0.563434,GCN(2-layer)+Dot,GCN,case1
A000055,A000518,0,0.5692611,GCN(2-layer)+Dot,GCN,case1
A000454,A000396,0,0.49982762,GCN(2-layer)+Dot,GCN,case1
A000039,A000476,0,0.56842184,GCN(2-layer)+Dot,GCN,case1
A000474,A000238,0,0.51557046,GCN(2-layer)+Dot,GCN,case1
A000321,A000325,0,0.53042823,GCN(2-layer)+Dot,GCN,case1
A000243,A000339,0,0.50469285,GCN(2-layer)+Dot,GCN,case1
A000498,A000565,0,0.5023229,GCN(2-layer)+Dot,GCN,case1
A000501,A000528,0,0.5104046,GCN(2-layer)+Dot,GCN,case1
A000470,A000090,0,0.4879392,GCN(2-layer)+Dot,GCN,case1
A000476,A000569,0,0.5417959,GCN(2-layer)+Dot,GCN,case1
A000476,A000469,0,0.5131208,GCN(2-layer)+Dot,GCN,case1
A000535,A000348,0,0.6661748,GCN(2-layer)+Dot,GCN,case1
A000485,A000379,0,0.54608697,GCN(2-layer)+Dot,GCN,case1
A000298,A000515,0,0.5462401,GCN(2-layer)+Dot,GCN,case1
A000049,A000316,0,0.5064205,GCN(2-layer)+Dot,GCN,case1
A000161,A000146,0,0.5275454,GCN(2-layer)+Dot,GCN,case1
A000167,A000191,0,0.58171374,GCN(2-layer)+Dot,GCN,case1
A000281,A000335,0,0.7025146,GCN(2-layer)+Dot,GCN,case1
A000036,A000069,0,0.49719462,GCN(2-layer)+Dot,GCN,case1
A000352,A000504,0,0.50169486,GCN(2-layer)+Dot,GCN,case1
A000323,A000089,0,0.47420642,GCN(2-layer)+Dot,GCN,case1
A000379,A000006,0,0.567785,GCN(2-layer)+Dot,GCN,case1
A000474,A000435,0,0.5898332,GCN(2-layer)+Dot,GCN,case1
A000266,A000162,0,0.4918943,GCN(2-layer)+Dot,GCN,case1
A000484,A000198,0,0.50212157,GCN(2-layer)+Dot,GCN,case1
A000250,A000199,0,0.584789,GCN(2-layer)+Dot,GCN,case1
A000436,A000348,0,0.60703087,GCN(2-layer)+Dot,GCN,case1
A000129,A000529,0,0.54848737,GCN(2-layer)+Dot,GCN,case1
A000045,A000379,0,0.5483037,GCN(2-layer)+Dot,GCN,case1
A000002,A000245,0,0.5053062,GCN(2-layer)+Dot,GCN,case1
A000427,A000124,0,0.51852506,GCN(2-layer)+Dot,GCN,case1
A000336,A000056,0,0.5113806,GCN(2-layer)+Dot,GCN,case1
A000560,A000096,0,0.56315315,GCN(2-layer)+Dot,GCN,case1
A000366,A000301,0,0.53021586,GCN(2-layer)+Dot,GCN,case1
A000282,A000243,0,0.5344421,GCN(2-layer)+Dot,GCN,case1
A000272,A000223,0,0.52556497,GCN(2-layer)+Dot,GCN,case1
A000116,A000140,0,0.52206033,GCN(2-layer)+Dot,GCN,case1
A000478,A000361,0,0.5169393,GCN(2-layer)+Dot,GCN,case1
A000519,A000246,0,0.5064718,GCN(2-layer)+Dot,GCN,case1
A000122,A000239,0,0.49403387,GCN(2-layer)+Dot,GCN,case1
A000337,A000179,0,0.53753585,GCN(2-layer)+Dot,GCN,case1
A000462,A000294,0,0.5524825,GCN(2-layer)+Dot,GCN,case1
A000103,A000147,0,0.5047321,GCN(2-layer)+Dot,GCN,case1
A000269,A000398,0,0.53545743,GCN(2-layer)+Dot,GCN,case1
A000203,A000390,0,0.50366014,GCN(2-layer)+Dot,GCN,case1
A000419,A000051,0,0.5118928,GCN(2-layer)+Dot,GCN,case1
A000082,A000446,0,0.52832985,GCN(2-layer)+Dot,GCN,case1
A000060,A000146,0,0.52806854,GCN(2-layer)+Dot,GCN,case1
A000282,A000353,0,0.5266152,GCN(2-layer)+Dot,GCN,case1
A000508,A000414,0,0.49907586,GCN(2-layer)+Dot,GCN,case1
A000321,A000020,0,0.53553814,GCN(2-layer)+Dot,GCN,case1
A000231,A000230,0,0.5197418,GCN(2-layer)+Dot,GCN,case1
A000040,A000232,0,0.5399743,GCN(2-layer)+Dot,GCN,case1
A000266,A000125,0,0.48939374,GCN(2-layer)+Dot,GCN,case1
A000448,A000087,0,0.57493526,GCN(2-layer)+Dot,GCN,case1
A000301,A000206,0,0.496246,GCN(2-layer)+Dot,GCN,case1
A000147,A000160,0,0.5053297,GCN(2-layer)+Dot,GCN,case1
A000094,A000333,0,0.48865697,GCN(2-layer)+Dot,GCN,case1
A000040,A000215,0,0.48812065,GCN(2-layer)+Dot,GCN,case1
A000544,A000085,0,0.5249091,GCN(2-layer)+Dot,GCN,case1
A000355,A000181,0,0.53021383,GCN(2-layer)+Dot,GCN,case1
A000081,A000005,0,0.4985933,GCN(2-layer)+Dot,GCN,case1
A000076,A000273,0,0.55652434,GCN(2-layer)+Dot,GCN,case1
A000076,A000493,0,0.70424527,GCN(2-layer)+Dot,GCN,case1
A000129,A000411,0,0.537749,GCN(2-layer)+Dot,GCN,case1
A000494,A000367,0,0.5709011,GCN(2-layer)+Dot,GCN,case1
A000197,A000056,0,0.85758096,GCN(2-layer)+Dot,GCN,case1
A000153,A000017,0,0.5021973,GCN(2-layer)+Dot,GCN,case1
A000258,A000535,0,0.55553114,GCN(2-layer)+Dot,GCN,case1
A000377,A000029,0,0.5990047,GCN(2-layer)+Dot,GCN,case1
A000325,A000457,0,0.5128933,GCN(2-layer)+Dot,GCN,case1
A000028,A000263,0,0.57505035,GCN(2-layer)+Dot,GCN,case1
A000412,A000511,0,0.6778014,GCN(2-layer)+Dot,GCN,case1
A000278,A000239,0,0.5375641,GCN(2-layer)+Dot,GCN,case1
A000228,A000140,0,0.52786744,GCN(2-layer)+Dot,GCN,case1
A000231,A000217,0,0.50545245,GCN(2-layer)+Dot,GCN,case1
A000451,A000277,0,0.5632914,GCN(2-layer)+Dot,GCN,case1
A000178,A000226,0,0.5184318,GCN(2-layer)+Dot,GCN,case1
A000180,A000326,0,0.5058303,GCN(2-layer)+Dot,GCN,case1
A000420,A000195,0,0.5461896,GCN(2-layer)+Dot,GCN,case1
A000279,A000440,0,0.5139373,GCN(2-layer)+Dot,GCN,case1
A000376,A000543,0,0.53622913,GCN(2-layer)+Dot,GCN,case1
A000412,A000400,0,0.59400076,GCN(2-layer)+Dot,GCN,case1
A000086,A000534,0,0.5093565,GCN(2-layer)+Dot,GCN,case1
A000013,A000376,0,0.5446686,GCN(2-layer)+Dot,GCN,case1
A000268,A000435,0,0.56955534,GCN(2-layer)+Dot,GCN,case1
A000380,A000544,0,0.56992084,GCN(2-layer)+Dot,GCN,case1
A000143,A000242,0,0.5743707,GCN(2-layer)+Dot,GCN,case1
A000078,A000204,0,0.51875126,GCN(2-layer)+Dot,GCN,case1
A000560,A000337,0,0.520735,GCN(2-layer)+Dot,GCN,case1
A000003,A000423,0,0.49984127,GCN(2-layer)+Dot,GCN,case1
A000122,A000519,0,0.4992359,GCN(2-layer)+Dot,GCN,case1
A000330,A000113,0,0.5507728,GCN(2-layer)+Dot,GCN,case1
A000174,A000538,0,0.51656973,GCN(2-layer)+Dot,GCN,case1
A000076,A000499,0,0.55650294,GCN(2-layer)+Dot,GCN,case1
A000131,A000542,0,0.49711743,GCN(2-layer)+Dot,GCN,case1
A000529,A000147,0,0.51095647,GCN(2-layer)+Dot,GCN,case1
A000462,A000490,0,0.50630546,GCN(2-layer)+Dot,GCN,case1
A000094,A000410,0,0.49632165,GCN(2-layer)+Dot,GCN,case1
A000293,A000488,0,0.52236193,GCN(2-layer)+Dot,GCN,case1
A000530,A000468,0,0.49762252,GCN(2-layer)+Dot,GCN,case1
A000126,A000256,0,0.5976158,GCN(2-layer)+Dot,GCN,case1
A000491,A000217,0,0.52642226,GCN(2-layer)+Dot,GCN,case1
A000441,A000433,0,0.51684535,GCN(2-layer)+Dot,GCN,case1
A000442,A000320,0,0.7343369,GCN(2-layer)+Dot,GCN,case1
A000506,A000477,0,0.8253654,GCN(2-layer)+Dot,GCN,case1
A000074,A000175,0,0.5727837,GCN(2-layer)+Dot,GCN,case1
A000190,A000232,0,0.6170323,GCN(2-layer)+Dot,GCN,case1
A000122,A000331,0,0.48942068,GCN(2-layer)+Dot,GCN,case1
A000242,A000059,0,0.5170898,GCN(2-layer)+Dot,GCN,case1
A000421,A000480,0,0.5473936,GCN(2-layer)+Dot,GCN,case1
A000203,A000416,0,0.5203252,GCN(2-layer)+Dot,GCN,case1
A000238,A000012,0,0.501976,GCN(2-layer)+Dot,GCN,case1
A000284,A000335,0,0.6769888,GCN(2-layer)+Dot,GCN,case1
A000083,A000237,0,0.55718076,GCN(2-layer)+Dot,GCN,case1
A000021,A000011,0,0.5143137,GCN(2-layer)+Dot,GCN,case1
A000228,A000453,0,0.5154759,GCN(2-layer)+Dot,GCN,case1
A000122,A000337,0,0.49852398,GCN(2-layer)+Dot,GCN,case1
A000232,A000396,0,0.49942356,GCN(2-layer)+Dot,GCN,case1
A000511,A000373,0,0.7818231,GCN(2-layer)+Dot,GCN,case1
A000443,A000193,0,0.5469101,GCN(2-layer)+Dot,GCN,case1
A000266,A000304,0,0.49592692,GCN(2-layer)+Dot,GCN,case1
A000436,A000048,0,0.58914065,GCN(2-layer)+Dot,GCN,case1
A000450,A000543,0,0.53552336,GCN(2-layer)+Dot,GCN,case1
A000345,A000001,0,0.5324055,GCN(2-layer)+Dot,GCN,case1
A000424,A000361,0,0.52270585,GCN(2-layer)+Dot,GCN,case1
A000478,A000383,0,0.59554434,GCN(2-layer)+Dot,GCN,case1
A000402,A000072,0,0.5087459,GCN(2-layer)+Dot,GCN,case1
A000420,A000554,0,0.62128854,GCN(2-layer)+Dot,GCN,case1
A000088,A000194,0,0.5420152,GCN(2-layer)+Dot,GCN,case1
A000259,A000058,0,0.52822727,GCN(2-layer)+Dot,GCN,case1
A000488,A000043,0,0.5281533,GCN(2-layer)+Dot,GCN,case1
A000012,A000038,0,0.5115415,GCN(2-layer)+Dot,GCN,case1
A000132,A000253,0,0.5272517,GCN(2-layer)+Dot,GCN,case1
A000013,A000225,0,0.5364041,GCN(2-layer)+Dot,GCN,case1
A000062,A000135,0,0.57009,GCN(2-layer)+Dot,GCN,case1
A000352,A000176,0,0.498849,GCN(2-layer)+Dot,GCN,case1
A000372,A000174,0,0.5152559,GCN(2-layer)+Dot,GCN,case1
A000217,A000565,0,0.51073045,GCN(2-layer)+Dot,GCN,case1
A000487,A000444,0,0.52460337,GCN(2-layer)+Dot,GCN,case1
A000529,A000283,0,0.56192815,GCN(2-layer)+Dot,GCN,case1
A000550,A000548,0,0.5583362,GCN(2-layer)+Dot,GCN,case1
A000372,A000453,0,0.5115683,GCN(2-layer)+Dot,GCN,case1
A000466,A000392,0,0.5206553,GCN(2-layer)+Dot,GCN,case1
A000073,A000345,0,0.5515813,GCN(2-layer)+Dot,GCN,case1
A000349,A000289,0,0.5315936,GCN(2-layer)+Dot,GCN,case1
A000185,A000087,0,0.54847825,GCN(2-layer)+Dot,GCN,case1
A000035,A000413,0,0.4970272,GCN(2-layer)+Dot,GCN,case1
A000258,A000414,0,0.5136635,GCN(2-layer)+Dot,GCN,case1
A000353,A000552,0,0.5534659,GCN(2-layer)+Dot,GCN,case1
A000083,A000440,0,0.52867484,GCN(2-layer)+Dot,GCN,case1
A000036,A000031,0,0.48617446,GCN(2-layer)+Dot,GCN,case1
A000327,A000512,0,0.5184848,GCN(2-layer)+Dot,GCN,case1
A000205,A000301,0,0.49391994,GCN(2-layer)+Dot,GCN,case1
A000002,A000517,0,0.49968663,GCN(2-layer)+Dot,GCN,case1
A000290,A000288,0,0.5049736,GCN(2-layer)+Dot,GCN,case1
A000407,A000488,0,0.5331848,GCN(2-layer)+Dot,GCN,case1
A000259,A000331,0,0.62973183,GCN(2-layer)+Dot,GCN,case1
A000520,A000460,0,0.5246339,GCN(2-layer)+Dot,GCN,case1
A000502,A000098,0,0.51510775,GCN(2-layer)+Dot,GCN,case1
A000522,A000364,0,0.5189532,GCN(2-layer)+Dot,GCN,case1
A000382,A000067,0,0.5931333,GCN(2-layer)+Dot,GCN,case1
A000299,A000438,0,0.5045009,GCN(2-layer)+Dot,GCN,case1
A000306,A000172,0,0.52939355,GCN(2-layer)+Dot,GCN,case1
A000470,A000535,0,0.4899383,GCN(2-layer)+Dot,GCN,case1
A000486,A000422,0,0.5512699,GCN(2-layer)+Dot,GCN,case1
A000121,A000273,0,0.54304636,GCN(2-layer)+Dot,GCN,case1
A000421,A000089,0,0.48059946,GCN(2-layer)+Dot,GCN,case1
A000023,A000275,0,0.5189568,GCN(2-layer)+Dot,GCN,case1
A000258,A000222,0,0.5025599,GCN(2-layer)+Dot,GCN,case1
A000255,A000136,0,0.7210344,GCN(2-layer)+Dot,GCN,case1
A000113,A000307,0,0.5424057,GCN(2-layer)+Dot,GCN,case1
A000026,A000093,0,0.57425994,GCN(2-layer)+Dot,GCN,case1
A000425,A000187,0,0.6303396,GCN(2-layer)+Dot,GCN,case1
A000410,A000235,0,0.5338283,GCN(2-layer)+Dot,GCN,case1
A000464,A000325,0,0.5030617,GCN(2-layer)+Dot,GCN,case1
A000211,A000525,0,0.53375393,GCN(2-layer)+Dot,GCN,case1
A000318,A000117,0,0.5084819,GCN(2-layer)+Dot,GCN,case1
A000240,A000189,0,0.6829897,GCN(2-layer)+Dot,GCN,case1
A000254,A000294,0,0.55223846,GCN(2-layer)+Dot,GCN,case1
A000058,A000152,0,0.51624686,GCN(2-layer)+Dot,GCN,case1
A000381,A000544,0,0.6777257,GCN(2-layer)+Dot,GCN,case1
A000167,A000452,0,0.5092084,GCN(2-layer)+Dot,GCN,case1
A000465,A000501,0,0.49909374,GCN(2-layer)+Dot,GCN,case1
A000167,A000553,0,0.5182042,GCN(2-layer)+Dot,GCN,case1
A000070,A000517,0,0.5004124,GCN(2-layer)+Dot,GCN,case1
A000356,A000346,0,0.52797747,GCN(2-layer)+Dot,GCN,case1
A000173,A000138,0,0.4872373,GCN(2-layer)+Dot,GCN,case1
A000273,A000538,0,0.5509672,GCN(2-layer)+Dot,GCN,case1
A000111,A000127,0,0.51334697,GCN(2-layer)+Dot,GCN,case1
A000244,A000398,0,0.49283364,GCN(2-layer)+Dot,GCN,case1
A000242,A000353,0,0.5213638,GCN(2-layer)+Dot,GCN,case1
A000088,A000493,0,0.7983337,GCN(2-layer)+Dot,GCN,case1
A000382,A000466,0,0.52915674,GCN(2-layer)+Dot,GCN,case1
A000178,A000080,0,0.5812304,GCN(2-layer)+Dot,GCN,case1
A000258,A000168,0,0.49870268,GCN(2-layer)+Dot,GCN,case1
A000421,A000136,0,0.5561662,GCN(2-layer)+Dot,GCN,case1
A000357,A000523,0,0.5315032,GCN(2-layer)+Dot,GCN,case1
A000210,A000417,0,0.4990266,GCN(2-layer)+Dot,GCN,case1
A000231,A000224,0,0.50043136,GCN(2-layer)+Dot,GCN,case1
A000319,A000485,0,0.5470951,GCN(2-layer)+Dot,GCN,case1
A000369,A000289,0,0.5402067,GCN(2-layer)+Dot,GCN,case1
A000242,A000292,0,0.5066604,GCN(2-layer)+Dot,GCN,case1
A000343,A000466,0,0.52473795,GCN(2-layer)+Dot,GCN,case1
A000419,A000512,0,0.5167951,GCN(2-layer)+Dot,GCN,case1
A000329,A000503,0,0.49954164,GCN(2-layer)+Dot,GCN,case1
A000424,A000228,0,0.54743814,GCN(2-layer)+Dot,GCN,case1
A000452,A000301,0,0.508856,GCN(2-layer)+Dot,GCN,case1
A000492,A000219,0,0.5182429,GCN(2-layer)+Dot,GCN,case1
A000392,A000183,0,0.62810344,GCN(2-layer)+Dot,GCN,case1
A000166,A000286,0,0.5247256,GCN(2-layer)+Dot,GCN,case1
A000524,A000448,0,0.5236844,GCN(2-layer)+Dot,GCN,case1
A000035,A000049,0,0.49717593,GCN(2-layer)+Dot,GCN,case1
A000483,A000357,0,0.5254398,GCN(2-layer)+Dot,GCN,case1
A000465,A000117,0,0.50059235,GCN(2-layer)+Dot,GCN,case1
A000534,A000038,0,0.51824695,GCN(2-layer)+Dot,GCN,case1
A000231,A000481,0,0.5073694,GCN(2-layer)+Dot,GCN,case1
A000287,A000204,0,0.5364754,GCN(2-layer)+Dot,GCN,case1
A000279,A000237,0,0.52804756,GCN(2-layer)+Dot,GCN,case1
A000398,A000028,0,0.6809867,GCN(2-layer)+Dot,GCN,case1
A000495,A000432,0,0.54186517,GCN(2-layer)+Dot,GCN,case1
A000432,A000336,0,0.50397956,GCN(2-layer)+Dot,GCN,case1
A000162,A000042,0,0.55194926,GCN(2-layer)+Dot,GCN,case1
A000243,A000054,0,0.590843,GCN(2-layer)+Dot,GCN,case1
A000082,A000390,0,0.5081257,GCN(2-layer)+Dot,GCN,case1
A000184,A000274,0,0.58287853,GCN(2-layer)+Dot,GCN,case1
A000073,A000316,0,0.5084721,GCN(2-layer)+Dot,GCN,case1
A000254,A000366,0,0.5570885,GCN(2-layer)+Dot,GCN,case1
A000549,A000291,0,0.49756822,GCN(2-layer)+Dot,GCN,case1
A000116,A000561,0,0.5542357,GCN(2-layer)+Dot,GCN,case1
A000033,A000378,0,0.665228,GCN(2-layer)+Dot,GCN,case1
A000279,A000565,0,0.5108343,GCN(2-layer)+Dot,GCN,case1
A000002,A000357,0,0.5212184,GCN(2-layer)+Dot,GCN,case1
A000406,A000296,0,0.51441985,GCN(2-layer)+Dot,GCN,case1
A000492,A000107,0,0.52656054,GCN(2-layer)+Dot,GCN,case1
A000333,A000191,0,0.72246397,GCN(2-layer)+Dot,GCN,case1
A000553,A000212,0,0.5105553,GCN(2-layer)+Dot,GCN,case1
A000083,A000253,0,0.53416866,GCN(2-layer)+Dot,GCN,case1
A000466,A000459,0,0.51822203,GCN(2-layer)+Dot,GCN,case1
A000489,A000472,0,0.62314624,GCN(2-layer)+Dot,GCN,case1
A000365,A000404,0,0.5076266,GCN(2-layer)+Dot,GCN,case1
A000488,A000225,0,0.5254206,GCN(2-layer)+Dot,GCN,case1
A000488,A000297,0,0.5082188,GCN(2-layer)+Dot,GCN,case1
A000560,A000338,0,0.53971046,GCN(2-layer)+Dot,GCN,case1
A000369,A000172,0,0.5518821,GCN(2-layer)+Dot,GCN,case1
A000084,A000172,0,0.57401764,GCN(2-layer)+Dot,GCN,case1
A000102,A000457,0,0.5016357,GCN(2-layer)+Dot,GCN,case1
A000041,A000303,0,0.51195264,GCN(2-layer)+Dot,GCN,case1
A000331,A000210,0,0.5245056,GCN(2-layer)+Dot,GCN,case1
A000346,A000373,0,0.6274608,GCN(2-layer)+Dot,GCN,case1
A000541,A000457,0,0.5101368,GCN(2-layer)+Dot,GCN,case1
A000436,A000552,0,0.5488346,GCN(2-layer)+Dot,GCN,case1
A000024,A000342,0,0.55249816,GCN(2-layer)+Dot,GCN,case1
A000495,A000518,0,0.53793323,GCN(2-layer)+Dot,GCN,case1
A000439,A000277,0,0.52478033,GCN(2-layer)+Dot,GCN,case1
A000026,A000122,0,0.49526778,GCN(2-layer)+Dot,GCN,case1
A000125,A000142,0,0.69585013,GCN(2-layer)+Dot,GCN,case1
A000522,A000359,0,0.5741548,GCN(2-layer)+Dot,GCN,case1
A000374,A000176,0,0.49927983,GCN(2-layer)+Dot,GCN,case1
A000131,A000199,0,0.5803874,GCN(2-layer)+Dot,GCN,case1
A000157,A000548,0,0.51299745,GCN(2-layer)+Dot,GCN,case1
A000086,A000518,0,0.5171098,GCN(2-layer)+Dot,GCN,case1
A000018,A000170,0,0.65638417,GCN(2-layer)+Dot,GCN,case1
A000271,A000080,0,0.49859893,GCN(2-layer)+Dot,GCN,case1
A000141,A000185,0,0.57684886,GCN(2-layer)+Dot,GCN,case1
A000395,A000146,0,0.52128184,GCN(2-layer)+Dot,GCN,case1
A000387,A000326,0,0.52055854,GCN(2-layer)+Dot,GCN,case1
A000173,A000357,0,0.55772656,GCN(2-layer)+Dot,GCN,case1
A000177,A000169,0,0.69872725,GCN(2-layer)+Dot,GCN,case1
A000125,A000212,0,0.5334416,GCN(2-layer)+Dot,GCN,case1
A000431,A000346,0,0.5283319,GCN(2-layer)+Dot,GCN,case1
A000079,A000417,0,0.49799415,GCN(2-layer)+Dot,GCN,case1
A000256,A000092,0,0.60861605,GCN(2-layer)+Dot,GCN,case1
A000004,A000541,0,0.5252711,GCN(2-layer)+Dot,GCN,case1
A000500,A000278,0,0.58920485,GCN(2-layer)+Dot,GCN,case1
A000527,A000120,0,0.49440697,GCN(2-layer)+Dot,GCN,case1
A000365,A000134,0,0.5505049,GCN(2-layer)+Dot,GCN,case1
A000266,A000280,0,0.49632698,GCN(2-layer)+Dot,GCN,case1
A000036,A000269,0,0.4980805,GCN(2-layer)+Dot,GCN,case1
A000236,A000137,0,0.5336731,GCN(2-layer)+Dot,GCN,case1
A000456,A000106,0,0.50719935,GCN(2-layer)+Dot,GCN,case1
A000330,A000477,0,0.64705896,GCN(2-layer)+Dot,GCN,case1
A000365,A000523,0,0.5208835,GCN(2-layer)+Dot,GCN,case1
A000147,A000093,0,0.521693,GCN(2-layer)+Dot,GCN,case1
A000412,A000180,0,0.52260685,GCN(2-layer)+Dot,GCN,case1
A000488,A000564,0,0.49990502,GCN(2-layer)+Dot,GCN,case1
A000245,A000273,0,0.508696,GCN(2-layer)+Dot,GCN,case1
A000095,A000245,0,0.508196,GCN(2-layer)+Dot,GCN,case1
A000391,A000047,0,0.70624864,GCN(2-layer)+Dot,GCN,case1
A000514,A000097,0,0.5040094,GCN(2-layer)+Dot,GCN,case1
A000121,A000115,0,0.5169824,GCN(2-layer)+Dot,GCN,case1
A000157,A000554,0,0.5403332,GCN(2-layer)+Dot,GCN,case1
A000403,A000237,0,0.5989651,GCN(2-layer)+Dot,GCN,case1
A000262,A000558,0,0.49579197,GCN(2-layer)+Dot,GCN,case1
A000153,A000136,0,0.5140485,GCN(2-layer)+Dot,GCN,case1
A000071,A000048,0,0.5888224,GCN(2-layer)+Dot,GCN,case1
A000423,A000565,0,0.49915242,GCN(2-layer)+Dot,GCN,case1
A000226,A000158,0,0.57966906,GCN(2-layer)+Dot,GCN,case1
A000451,A000332,0,0.5529039,GCN(2-layer)+Dot,GCN,case1
A000057,A000356,0,0.5173164,GCN(2-layer)+Dot,GCN,case1
A000257,A000438,0,0.50510687,GCN(2-layer)+Dot,GCN,case1
A000034,A000060,0,0.5411846,GCN(2-layer)+Dot,GCN,case1
A000553,A000344,0,0.5199333,GCN(2-layer)+Dot,GCN,case1
A000024,A000120,0,0.6049136,GCN(2-layer)+Dot,GCN,case1
A000238,A000277,0,0.50831324,GCN(2-layer)+Dot,GCN,case1
A000566,A000547,0,0.51717234,GCN(2-layer)+Dot,GCN,case1
A000350,A000016,0,0.6057785,GCN(2-layer)+Dot,GCN,case1
A000388,A000120,0,0.5227301,GCN(2-layer)+Dot,GCN,case1
A000377,A000317,0,0.51649976,GCN(2-layer)+Dot,GCN,case1
A000359,A000433,0,0.52173716,GCN(2-layer)+Dot,GCN,case1
A000176,A000070,0,0.4997876,GCN(2-layer)+Dot,GCN,case1
A000260,A000535,0,0.546127,GCN(2-layer)+Dot,GCN,case1
A000395,A000411,0,0.5265801,GCN(2-layer)+Dot,GCN,case1
A000546,A000341,0,0.48216754,GCN(2-layer)+Dot,GCN,case1
A000560,A000412,0,0.712286,GCN(2-layer)+Dot,GCN,case1
A000361,A000309,0,0.52324283,GCN(2-layer)+Dot,GCN,case1
A000271,A000043,0,0.49993193,GCN(2-layer)+Dot,GCN,case1
A000393,A000028,0,0.58161634,GCN(2-layer)+Dot,GCN,case1
A000111,A000438,0,0.50221354,GCN(2-layer)+Dot,GCN,case1
A000170,A000354,0,0.7305358,GCN(2-layer)+Dot,GCN,case1
A000513,A000253,0,0.55214477,GCN(2-layer)+Dot,GCN,case1
A000317,A000356,0,0.50870675,GCN(2-layer)+Dot,GCN,case1
A000202,A000285,0,0.5107777,GCN(2-layer)+Dot,GCN,case1
A000340,A000427,0,0.5103277,GCN(2-layer)+Dot,GCN,case1
A000191,A000289,0,0.56019247,GCN(2-layer)+Dot,GCN,case1
A000066,A000090,0,0.516048,GCN(2-layer)+Dot,GCN,case1
A000401,A000226,0,0.5381413,GCN(2-layer)+Dot,GCN,case1
A000148,A000467,0,0.53564745,GCN(2-layer)+Dot,GCN,case1
A000547,A000369,0,0.5445541,GCN(2-layer)+Dot,GCN,case1
A000431,A000294,0,0.5404599,GCN(2-layer)+Dot,GCN,case1
A000070,A000150,0,0.5016704,GCN(2-layer)+Dot,GCN,case1
A000506,A000547,0,0.60018903,GCN(2-layer)+Dot,GCN,case1
A000519,A000052,0,0.50810796,GCN(2-layer)+Dot,GCN,case1
A000325,A000115,0,0.5097041,GCN(2-layer)+Dot,GCN,case1
A000166,A000562,0,0.5461326,GCN(2-layer)+Dot,GCN,case1
A000289,A000136,0,0.5349207,GCN(2-layer)+Dot,GCN,case1
A000044,A000205,0,0.48730218,GCN(2-layer)+Dot,GCN,case1
A000511,A000043,0,0.5753296,GCN(2-layer)+Dot,GCN,case1
A000044,A000022,0,0.53515476,GCN(2-layer)+Dot,GCN,case1
A000031,A000097,0,0.50573826,GCN(2-layer)+Dot,GCN,case1
A000452,A000003,0,0.5035038,GCN(2-layer)+Dot,GCN,case1
A000427,A000223,0,0.5027949,GCN(2-layer)+Dot,GCN,case1
A000046,A000496,0,0.54906297,GCN(2-layer)+Dot,GCN,case1
A000066,A000052,0,0.51016206,GCN(2-layer)+Dot,GCN,case1
A000566,A000158,0,0.5651952,GCN(2-layer)+Dot,GCN,case1
A000368,A000064,0,0.53967226,GCN(2-layer)+Dot,GCN,case1
A000045,A000098,0,0.5243841,GCN(2-layer)+Dot,GCN,case1
A000454,A000224,0,0.49877575,GCN(2-layer)+Dot,GCN,case1
A000073,A000495,0,0.52878153,GCN(2-layer)+Dot,GCN,case1
A000497,A000208,0,0.5225415,GCN(2-layer)+Dot,GCN,case1
A000244,A000142,0,0.4942283,GCN(2-layer)+Dot,GCN,case1
A000292,A000564,0,0.50076896,GCN(2-layer)+Dot,GCN,case1
A000244,A000032,0,0.49923715,GCN(2-layer)+Dot,GCN,case1
A000061,A000194,0,0.50518584,GCN(2-layer)+Dot,GCN,case1
A000098,A000056,0,0.554296,GCN(2-layer)+Dot,GCN,case1
A000526,A000259,0,0.515868,GCN(2-layer)+Dot,GCN,case1
A000371,A000455,0,0.5054375,GCN(2-layer)+Dot,GCN,case1
A000280,A000320,0,0.54420507,GCN(2-layer)+Dot,GCN,case1
A000266,A000108,0,0.4986575,GCN(2-layer)+Dot,GCN,case1
A000278,A000085,0,0.52700764,GCN(2-layer)+Dot,GCN,case1
A000116,A000348,0,0.6104512,GCN(2-layer)+Dot,GCN,case1
A000063,A000299,0,0.5576093,GCN(2-layer)+Dot,GCN,case1
A000473,A000504,0,0.5032257,GCN(2-layer)+Dot,GCN,case1
A000337,A000230,0,0.532805,GCN(2-layer)+Dot,GCN,case1
A000063,A000448,0,0.5457127,GCN(2-layer)+Dot,GCN,case1
A000532,A000497,0,0.51157725,GCN(2-layer)+Dot,GCN,case1
A000116,A000089,0,0.4830587,GCN(2-layer)+Dot,GCN,case1
A000071,A000467,0,0.6264271,GCN(2-layer)+Dot,GCN,case1
A000049,A000463,0,0.5242102,GCN(2-layer)+Dot,GCN,case1
A000195,A000179,0,0.6185761,GCN(2-layer)+Dot,GCN,case1
A000377,A000092,0,0.5720122,GCN(2-layer)+Dot,GCN,case1
A000255,A000447,0,0.51919305,GCN(2-layer)+Dot,GCN,case1
A000401,A000510,0,0.65135366,GCN(2-layer)+Dot,GCN,case1
A000156,A000388,0,0.5496612,GCN(2-layer)+Dot,GCN,case1
A000151,A000526,0,0.49814606,GCN(2-layer)+Dot,GCN,case1
A000410,A000165,0,0.521618,GCN(2-layer)+Dot,GCN,case1
A000439,A000411,0,0.51652765,GCN(2-layer)+Dot,GCN,case1
A000076,A000484,0,0.5189485,GCN(2-layer)+Dot,GCN,case1
A000349,A000501,0,0.52543676,GCN(2-layer)+Dot,GCN,case1
A000471,A000503,0,0.5154647,GCN(2-layer)+Dot,GCN,case1
A000153,A000025,0,0.51584715,GCN(2-layer)+Dot,GCN,case1
A000026,A000185,0,0.5174543,GCN(2-layer)+Dot,GCN,case1
A000159,A000216,0,0.5826093,GCN(2-layer)+Dot,GCN,case1
A000546,A000170,0,0.85132813,GCN(2-layer)+Dot,GCN,case1
A000451,A000335,0,0.5915853,GCN(2-layer)+Dot,GCN,case1
A000300,A000569,0,0.5490626,GCN(2-layer)+Dot,GCN,case1
A000084,A000444,0,0.5701959,GCN(2-layer)+Dot,GCN,case1
A000242,A000524,0,0.5126811,GCN(2-layer)+Dot,GCN,case1
A000004,A000425,0,0.80704725,GCN(2-layer)+Dot,GCN,case1
A000365,A000248,0,0.5107217,GCN(2-layer)+Dot,GCN,case1
A000384,A000342,0,0.5197369,GCN(2-layer)+Dot,GCN,case1
A000529,A000368,0,0.547175,GCN(2-layer)+Dot,GCN,case1
A000480,A000162,0,0.56739837,GCN(2-layer)+Dot,GCN,case1
A000242,A000251,0,0.4980958,GCN(2-layer)+Dot,GCN,case1
A000272,A000387,0,0.61442804,GCN(2-layer)+Dot,GCN,case1
A000182,A000020,0,0.5099954,GCN(2-layer)+Dot,GCN,case1
A000421,A000106,0,0.5115368,GCN(2-layer)+Dot,GCN,case1
A000522,A000392,0,0.5630328,GCN(2-layer)+Dot,GCN,case1
A000182,A000032,0,0.51454705,GCN(2-layer)+Dot,GCN,case1
A000342,A000316,0,0.5066581,GCN(2-layer)+Dot,GCN,case1
A000032,A000493,0,0.6519502,GCN(2-layer)+Dot,GCN,case1
A000524,A000241,0,0.5086207,GCN(2-layer)+Dot,GCN,case1
A000352,A000557,0,0.50439304,GCN(2-layer)+Dot,GCN,case1
A000177,A000450,0,0.7135173,GCN(2-layer)+Dot,GCN,case1
A000327,A000177,0,0.5721259,GCN(2-layer)+Dot,GCN,case1
A000533,A000189,0,0.5432834,GCN(2-layer)+Dot,GCN,case1
A000197,A000032,0,0.6345653,GCN(2-layer)+Dot,GCN,case1
A000349,A000317,0,0.5092421,GCN(2-layer)+Dot,GCN,case1
A000499,A000425,0,0.7325436,GCN(2-layer)+Dot,GCN,case1
A000531,A000286,0,0.5318901,GCN(2-layer)+Dot,GCN,case1
A000098,A000293,0,0.51919144,GCN(2-layer)+Dot,GCN,case1
A000446,A000389,0,0.5181207,GCN(2-layer)+Dot,GCN,case1
A000076,A000548,0,0.5327117,GCN(2-layer)+Dot,GCN,case1
A000003,A000557,0,0.5048377,GCN(2-layer)+Dot,GCN,case1
A000445,A000481,0,0.5840747,GCN(2-layer)+Dot,GCN,case1
A000276,A000211,0,0.50890255,GCN(2-layer)+Dot,GCN,case1
A000191,A000054,0,0.6323663,GCN(2-layer)+Dot,GCN,case1
A000052,A000009,0,0.49750176,GCN(2-layer)+Dot,GCN,case1
A000079,A000165,0,0.51766306,GCN(2-layer)+Dot,GCN,case1
A000022,A000219,0,0.51222926,GCN(2-layer)+Dot,GCN,case1
A000552,A000017,0,0.507262,GCN(2-layer)+Dot,GCN,case1
A000463,A000286,0,0.52423745,GCN(2-layer)+Dot,GCN,case1
A000290,A000256,0,0.6280441,GCN(2-layer)+Dot,GCN,case1
A000452,A000120,0,0.5113023,GCN(2-layer)+Dot,GCN,case1
A000500,A000027,0,0.5079633,GCN(2-layer)+Dot,GCN,case1
A000225,A000208,0,0.58966565,GCN(2-layer)+Dot,GCN,case1
A000338,A000052,0,0.52507967,GCN(2-layer)+Dot,GCN,case1
A000166,A000229,0,0.51532114,GCN(2-layer)+Dot,GCN,case1
A000224,A000548,0,0.49907428,GCN(2-layer)+Dot,GCN,case1
A000365,A000169,0,0.5299534,GCN(2-layer)+Dot,GCN,case1
A000452,A000463,0,0.51347446,GCN(2-layer)+Dot,GCN,case1
A000375,A000400,0,0.53670794,GCN(2-layer)+Dot,GCN,case1
A000489,A000354,0,0.59554654,GCN(2-layer)+Dot,GCN,case1
A000131,A000444,0,0.5236038,GCN(2-layer)+Dot,GCN,case1
A000216,A000048,0,0.57984054,GCN(2-layer)+Dot,GCN,case1
A000167,A000378,0,0.63952816,GCN(2-layer)+Dot,GCN,case1
A000080,A000554,0,0.74508876,GCN(2-layer)+Dot,GCN,case1
A000177,A000229,0,0.54791886,GCN(2-layer)+Dot,GCN,case1
A000365,A000391,0,0.5786662,GCN(2-layer)+Dot,GCN,case1
A000116,A000156,0,0.5959039,GCN(2-layer)+Dot,GCN,case1
A000566,A000181,0,0.563655,GCN(2-layer)+Dot,GCN,case1
A000046,A000329,0,0.49860522,GCN(2-layer)+Dot,GCN,case1
A000387,A000383,0,0.63586175,GCN(2-layer)+Dot,GCN,case1
A000358,A000468,0,0.5011829,GCN(2-layer)+Dot,GCN,case1
A000161,A000469,0,0.5056303,GCN(2-layer)+Dot,GCN,case1
A000087,A000386,0,0.5489112,GCN(2-layer)+Dot,GCN,case1
A000473,A000057,0,0.50853205,GCN(2-layer)+Dot,GCN,case1
A000142,A000511,0,0.6527649,GCN(2-layer)+Dot,GCN,case1
A000262,A000544,0,0.5701219,GCN(2-layer)+Dot,GCN,case1
A000332,A000379,0,0.5525028,GCN(2-layer)+Dot,GCN,case1
A000167,A000169,0,0.54699165,GCN(2-layer)+Dot,GCN,case1
A000345,A000334,0,0.5929794,GCN(2-layer)+Dot,GCN,case1
A000013,A000136,0,0.54217863,GCN(2-layer)+Dot,GCN,case1
A000516,A000341,0,0.48125413,GCN(2-layer)+Dot,GCN,case1
A000476,A000462,0,0.6012334,GCN(2-layer)+Dot,GCN,case1
A000041,A000484,0,0.50523984,GCN(2-layer)+Dot,GCN,case1
A000005,A000138,0,0.50085723,GCN(2-layer)+Dot,GCN,case1
A000002,A000068,0,0.5092731,GCN(2-layer)+Dot,GCN,case1
A000511,A000468,0,0.5157761,GCN(2-layer)+Dot,GCN,case1
A000313,A000178,0,0.5213662,GCN(2-layer)+Dot,GCN,case1
A000303,A000565,0,0.51727295,GCN(2-layer)+Dot,GCN,case1
A000052,A000204,0,0.5448309,GCN(2-layer)+Dot,GCN,case1
A000485,A000172,0,0.53765506,GCN(2-layer)+Dot,GCN,case1
A000362,A000325,0,0.5169657,GCN(2-layer)+Dot,GCN,case1
A000436,A000078,0,0.51923,GCN(2-layer)+Dot,GCN,case1
A000193,A000257,0,0.5548768,GCN(2-layer)+Dot,GCN,case1
A000113,A000206,0,0.4944265,GCN(2-layer)+Dot,GCN,case1
A000368,A000028,0,0.555397,GCN(2-layer)+Dot,GCN,case1
A000177,A000305,0,0.7601309,GCN(2-layer)+Dot,GCN,case1
A000464,A000011,0,0.51883864,GCN(2-layer)+Dot,GCN,case1
A000529,A000507,0,0.59776115,GCN(2-layer)+Dot,GCN,case1
A000084,A000067,0,0.61864835,GCN(2-layer)+Dot,GCN,case1
A000468,A000136,0,0.5113917,GCN(2-layer)+Dot,GCN,case1
A000334,A000263,0,0.56283784,GCN(2-layer)+Dot,GCN,case1
