token,df
vnamz,36261
shop,4959
hcm,1026
pinpin,789
ninhcamera,423
moisturizing,329
phongquick,245
namdung,189
nghemicro,129
tivi,125
hatgiongbonmua,119
hatgiongbansi,118
phanbon,118
tramhuong,118
sapthom,117
camerachongtrom,115
dungculamvuon,114
phantom,114
sacnhanh,114
tinhdauthiennhien,112
chautrongcay,111
tinhdausachanh,109
tinhdauthom,108
vietnam,107
phantrunque,105
chambon,104
trusaubenh,104
nhangsach,102
nhangthom,101
dubai,99
vooc,99
hatgiongqua,98
nohon,98
tinhdauxongphong,98
tuya,98
oto,97
trungform,96
ngoaitroi,95
sapthomphong,93
taobao,93
mayxongtinhdau,89
thoitrangnam,89
loabluetooth,86
malay,86
ninhpan,86
mayphunsuong,85
nhangtram,85
giongrau,84
hatgiongcaytrong,84
nongsans,84
giongraututrong,82
viennenxodua,80
hasaki,77
khumui,77
namskin,77
quanbo,77
tainghebluetooth,77
dongho,76
quanjeannamcaocap,75
thomphong,74
cameraquansat,73
maykhuechtantinhdau,73
tainghe,73
tinhdaubacha,73
camerayooseewifi,72
hatgiongraucu,72
latin,72
quanjeannamdep,72
cuhoa,70
jeannam,70
pinduphongsacnhanh,70
microkhongday,69
nhangtramhuong,69
khuechtantinhdau,68
guangdong,67
hatgionggiare,66
quanjeansnam,66
tinhdaubuoi,66
phongthuy,65
rangdong,65
quanjeandep,64
nhangnu,63
trichoderma,63
dothocungnganguyen,62
phukienchinhhang,62
quanbonamdep,62
lantern,61
shophatgiong,61
tainghekhongday,61
uva,61
mayxong,59
ren,59
rin,59
hatgiongchiunhiet,58
phukiengiare,58
quanjeangiare,58
quanjeans,58
donghodinhvitreem,57
donghothongminhtreem,57
loamicro,57
sapthomkhumui,57
tinhdaukhuechtan,57
tinhdautram,56
donghotreem,55
maykhuechtan,55
nammodel,55
stunning,55
tuithom,55
camerachatluong,54
duongda,54
ludottram,54
donghothongminhchongnuoc,53
kieslect,53
phukiensi,53
nhangdennganguyen,51
inserting,50
letv,50
maylamamkhongkhi,50
trangda,50
androidbattery,49
clorua,49
controller,49
dimensions,49
export,49
eyes,49
fixed,49
hatgiongrangdong,49
hik,49
hour,49
likenew,49
mat,49
motorola,49
pse,49
ramadan,49
receiving,49
report,49
routine,49
scent,49
selections,49
sellers,49
snap,49
tabletop,49
tap,49
typeusb,49
watt,49
acrylates,48
awei,48
bathroom,48
camerawwifiyoose,48
catching,48
completely,48
controls,48
dsq,48
duration,48
fading,48
frame,48
glycyrrhiza,48
gon,48
hdcamera,48
heavy,48
independent,48
internal,48
iron,48
lifespan,48
lines,48
meetings,48
nenthom,48
nguyen,48
poverbank,48
realize,48
sapthomnhavesinh,48
sapthomoto,48
showroom,48
std,48
tinhdauduoimuoi,48
tinhdauoaihuong,48
triple,48
typetinh,48
ucraina,48
ugreen,48
warranty,48
authentic,47
cancelling,47
dustproof,47
ergonomic,47
functional,47
hydra,47
luxongtram,47
message,47
methyl,47
miui,47
moreinput,47
moving,47
nhat,47
pathway,47
pause,47
phosphate,47
pineapple,47
proof,47
sativa,47
serves,47
sing,47
spain,47
tracker,47
tube,47
vangma,47
wonlex,47
agps,46
broadcasting,46
camerachongnuoc,46
cdelivery,46
condensing,46
corners,46
cvc,46
depth,46
diffuser,46
fiber,46
germany,46
hatgiongraucuquahanoiseed,46
hygiene,46
mibro,46
mickhongday,46
miniplug,46
mounted,46
neo,46
ports,46
pub,46
push,46
quannam,46
rtp,46
shirt,46
sunny,46
thongminh,46
ukrainian,46
vinakara,46
acnes,45
applies,45
aspect,45
bag,45
benzoate,45
borofone,45
calling,45
citrate,45
continuously,45
differents,45
dioxide,45
ferment,45
gardenia,45
generous,45
gutek,45
hatgiongraucuquatrongchau,45
incense,45
innovative,45
kaki,45
loamini,45
lyocell,45
mark,45
navigate,45
nhangque,45
nutramhuong,45
palmitate,45
propolis,45
quanjeannamchatbo,45
quickcharge,45
seller,45
shield,45
sounds,45
varied,45
warming,45
zoomnight,45
account,44
accurate,44
alkyl,44
amazfit,44
apps,44
captures,44
ccamera,44
europe,44
exclusive,44
expectancy,44
gravel,44
hassle,44
illuminates,44
inputs,44
language,44
lemongrass,44
lovers,44
map,44
nhattin,44
nhattincomputer,44
pet,44
pinsacnhanh,44
platforms,44
polyacrylate,44
polyglyceryl,44
pore,44
pressure,44
pulse,44
rhythm,44
rosemary,44
sapthomtuquanao,44
sdp,44
search,44
spaces,44
spirit,44
supporting,44
taurate,44
thanksgiving,44
united,44
vibration,44
women,44
alipay,43
amino,43
asiatic,43
aston,43
bakuchiol,43
balanced,43
bds,43
brings,43
buttons,43
caused,43
chlorphenesin,43
cold,43
demin,43
dentrangtri,43
directions,43
eliminating,43
fraying,43
gprs,43
inox,43
ipx,43
lemon,43
lends,43
lightningbrand,43
mao,43
mask,43
metre,43
metres,43
mobilephone,43
moments,43
nen,43
patent,43
pmpo,43
quandep,43
sage,43
saturation,43
serial,43
setups,43
shrubbery,43
soundcore,43
spiked,43
strings,43
summers,43
sweltering,43
synch,43
triethanolamine,43
tyrosinase,43
usbc,43
webcam,43
xmeye,43
bee,42
bezel,42
blemish,42
camerafullhd,42
conferencing,42
conform,42
creative,42
cymas,42
dentinhdau,42
derma,42
dongle,42
dothocung,42
eid,42
electret,42
fireflies,42
gamer,42
glade,42
global,42
intercom,42
jpeg,42
loakeo,42
loud,42
matrix,42
mica,42
moment,42
ngheheadphone,42
pdrn,42
post,42
preamp,42
safari,42
sealed,42
slowly,42
toa,42
transport,42
tuithomquanao,42
vdc,42
visual,42
wave,42
wood,42
barbadensis,41
bonsai,41
cai,41
characters,41
client,41
coban,41
denledtrangtri,41
environmentally,41
fov,41
gluten,41
hatgiongnhapkhau,41
java,41
kbvision,41
laptops,41
licorice,41
methods,41
mpphone,41
nghenoise,41
psp,41
quanaogiare,41
readystock,41
rotating,41
sacduphongsacnhanh,41
stake,41
tetrapeptide,41
thackhoitramhuong,41
users,41
vinyl,41
xongnha,41
xperia,41
activity,40
america,40
asiaticoside,40
atmospheres,40
beat,40
blossom,40
bubble,40
caffeine,40
camerayooseengoaitroi,40
carecam,40
charges,40
closed,40
conversion,40
displayport,40
earbud,40
ease,40
efficiency,40
elasticity,40
endurance,40
fan,40
foam,40
fom,40
han,40
hrv,40
improved,40
infinity,40
knob,40
limited,40
loakaraoke,40
loanghenhac,40
madecassic,40
mijia,40
moto,40
mtmax,40
nice,40
njeannam,40
north,40
notifications,40
object,40
password,40
powerdelivery,40
prevent,40
quandainam,40
recovery,40
relax,40
respond,40
retina,40
robust,40
shangri,40
simultaneous,40
thickness,40
thoughtful,40
tramnu,40
turbo,40
xmas,40
xtra,40
amplify,39
applied,39
arrival,39
bisabolol,39
boasts,39
brown,39
cameradamthoai,39
channelplug,39
constant,39
deionized,39
delicate,39
dissipation,39
fullsize,39
gbps,39
giatotnhat,39
glabra,39
heiwa,39
hem,39
hoodie,39
hyalu,39
jeandepgiare,39
khongkhi,39
kojic,39
leading,39
leaves,39
liposome,39
longevity,39
meiduzi,39
nhangden,39
nhangtramhuongcaocap,39
nnam,39
packs,39
phukiendienthoai,39
poco,39
portulaca,39
pristine,39
quancaocap,39
quanjeannamongsuong,39
rotatable,39
router,39
safely,39
shocking,39
sieu,39
sorbate,39
standout,39
sustainable,39
target,39
tinhdauxong,39
tour,39
training,39
tuithomdetuquanao,39
uni,39
utp,39
void,39
bergamot,38
buds,38
cards,38
cetyl,38
coil,38
craft,38
ctv,38
encryption,38
finish,38
flac,38
glowing,38
hospital,38
indonesian,38
interfered,38
jazz,38
jsc,38
lampshade,38
latency,38
leg,38
loabluetoothmini,38
load,38
loved,38
lymo,38
nan,38
nexus,38
nhangthantai,38
outer,38
peace,38
plant,38
public,38
recharge,38
resort,38
rgbw,38
sacrificing,38
seamlessly,38
ssd,38
styles,38
supreme,38
thien,38
transmissionplug,38
trigger,38
trip,38
tromethamine,38
tuithomphong,38
tune,38
typical,38
videocall,38
washed,38
algorithm,37
break,37
charing,37
daumasage,37
dead,37
decode,37
east,37
enabled,37
ethoxydiglycol,37
field,37
flip,37
hando,37
hoi,37
housing,37
iec,37
kaystore,37
lap,37
larger,37
laurate,37
legging,37
lid,37
liu,37
maytaoam,37
mouth,37
nampower,37
nhangcuontan,37
qos,37
quad,37
react,37
recognition,37
robusts,37
sacduphongdienthoai,37
scope,37
sunflower,37
taidu,37
tihdausa,37
uric,37
vegan,37
virus,37
voltagedc,37
walls,37
watching,37
whimsical,37
apower,36
auxiliary,36
backyard,36
bluetoothpower,36
brighten,36
characteristics,36
chromebook,36
customize,36
detachable,36
directionality,36
dvs,36
goojodoq,36
greenhome,36
helps,36
hiit,36
hold,36
host,36
king,36
luxongtramhuong,36
marketplace,36
mictai,36
minhpower,36
musical,36
oleracea,36
optic,36
optical,36
outlet,36
patech,36
pre,36
prison,36
recode,36
recommended,36
return,36
roi,36
sdt,36
sinensis,36
snail,36
solve,36
south,36
srihome,36
tinhchat,36
tokyo,36
understanding,36
vinaphone,36
xoang,36
xongtram,36
action,35
american,35
audiomonitor,35
balls,35
calming,35
cameraxoay,35
canceling,35
candle,35
cat,35
dadelivery,35
demo,35
downstream,35
duongam,35
embedded,35
emit,35
equipments,35
ferulic,35
fly,35
gamepad,35
gender,35
generic,35
gentle,35
heads,35
hosting,35
ikara,35
illuminate,35
jacket,35
kam,35
keng,35
loakhongday,35
loose,35
lots,35
mayxongtinhdaumini,35
medium,35
miracle,35
monitori,35
neighbors,35
paeonia,35
pdf,35
perfume,35
phukiensaigon,35
polymerbrand,35
pppoe,35
radar,35
rca,35
recordings,35
reentrant,35
restrained,35
retinal,35
schedule,35
silent,35
tamber,35
tennis,35
terrace,35
tinhdaucaocap,35
trust,35
tuithomtuquanao,35
unidirectional,35
upnp,35
ure,35
vitaminc,35
wep,35
authorised,34
backdrop,34
bed,34
bioaqua,34
capacityabluetooth,34
capturing,34
ceiling,34
chongtrom,34
creation,34
cucsacduphong,34
detailed,34
dienthoai,34
dimethyl,34
diverse,34
eucerin,34
firming,34
flow,34
forerunner,34
fpc,34
gamers,34
gear,34
giaycung,34
hangma,34
holidays,34
humi,34
hydroxyethyl,34
jars,34
korean,34
liti,34
maykhuechtantinhdaumini,34
mayxongtinhdauoto,34
mfi,34
mhl,34
mist,34
moden,34
nghestudioheadphone,34
nhangnutramhuong,34
offline,34
outputs,34
pcb,34
phunsuong,34
podcasts,34
presentations,34
replacement,34
rotates,34
sacpinduphong,34
sakura,34
sandisk,34
sapkhumui,34
shutdown,34
simplicity,34
strap,34
strip,34
symbian,34
tuithomtreotuquanao,34
vaseline,34
vinacontrol,34
winter,34
wrinkles,34
xuhuong,34
activated,33
alo,33
bent,33
bis,33
camerarobot,33
cdma,33
certified,33
chips,33
cms,33
concentrated,33
connections,33
connects,33
costs,33
customizable,33
detect,33
dim,33
elip,33
exclusively,33
fitcloudpro,33
gionghoa,33
hatgiongraumam,33
incoming,33
khang,33
lab,33
lay,33
measuring,33
minhdung,33
netcom,33
nit,33
notice,33
objects,33
physical,33
preset,33
production,33
quanjeannamgiare,33
resistance,33
reverberation,33
rice,33
slip,33
static,33
tape,33
teaching,33
thenho,33
vista,33
warning,33
angel,32
anua,32
aperture,32
bin,32
calories,32
capabilities,32
chatting,32
concept,32
ddi,32
deck,32
dial,32
edm,32
elastic,32
exquisite,32
foreign,32
gallery,32
grip,32
haineoshop,32
harmonyos,32
hatgiongot,32
hathoa,32
hin,32
hydroxy,32
hyperos,32
iot,32
kinds,32
measurment,32
megapixels,32
miturbo,32
neck,32
northeast,32
nutram,32
peeling,32
pie,32
powersafe,32
ppm,32
practice,32
projection,32
promax,32
quanbonamongsuong,32
rem,32
rosmarinus,32
sea,32
snow,32
taydelivery,32
timbattery,32
tomahawk,32
trangtri,32
ttbh,32
tuned,32
wlan,32
xay,32
zepp,32
album,31
apartment,31
cancel,31
ccc,31
chill,31
classification,31
closure,31
donghodinhvichongnuoc,31
drops,31
electronics,31
enjoying,31
goi,31
hallways,31
harsh,31
healing,31
hexapeptide,31
hyaluron,31
kitchens,31
legendary,31
ludong,31
massive,31
meizu,31
mickaraoke,31
mubarak,31
nentealight,31
oligopeptide,31
pick,31
polypeptide,31
quanbonamcaocap,31
quanjeannamrachgoi,31
rcm,31
restaurant,31
salad,31
send,31
southeast,31
spots,31
status,31
tainghenhettai,31
tido,31
tls,31
trendy,31
typeip,31
unisoc,31
validation,31
vehicle,31
xnk,31
yingbao,31
abc,30
amastore,30
ape,30
blood,30
brazil,30
cells,30
cetearyl,30
chonglaohoa,30
city,30
croatia,30
crossover,30
customized,30
cyberpunk,30
dmss,30
donghogansim,30
egf,30
emergency,30
fall,30
filtrate,30
freesia,30
garnier,30
genuine,30
glamour,30
glucose,30
harvest,30
hatgiongnongtraitot,30
haylou,30
height,30
helping,30
holding,30
honey,30
hottrend,30
hydroxyethylcellulose,30
ins,30
instantly,30
intel,30
interactive,30
intuitive,30
khoe,30
lactobionic,30
linkedin,30
loadidong,30
manufacturing,30
nhangcung,30
nhangphongthuy,30
olay,30
pergola,30
protects,30
reduces,30
require,30
rugged,30
salt,30
share,30
sorbitan,30
spare,30
stainless,30
supplied,30
thiennhien,30
thinkpad,30
tinhdausa,30
trisodium,30
tropical,30
tvi,30
valid,30
viber,30
vlogging,30
wake,30
accessory,29
ahai,29
alert,29
anniversary,29
avena,29
azelaic,29
beautify,29
bitrate,29
cabin,29
caocap,29
carrier,29
cast,29
clinical,29
concert,29
controlled,29
correcting,29
country,29
cove,29
demejine,29
dendottinhdau,29
denxongtinhdaubattrang,29
desk,29
dimensional,29
dinner,29
donghothethao,29
easter,29
enjoyment,29
exosome,29
fofu,29
gang,29
handlebar,29
handsfree,29
harmless,29
hatgiongotchuong,29
https,29
hungarian,29
idea,29
immerse,29
ingredient,29
intensive,29
jiashi,29
kich,29
kuulaa,29
madagascar,29
mail,29
mantel,29
marathon,29
mayxongtinhdaulon,29
mega,29
microfone,29
mjpeg,29
naphthalene,29
ngo,29
nhangvong,29
nimh,29
nintendo,29
palo,29
portuguese,29
prokhe,29
razer,29
rear,29
road,29
safer,29
sapthomphongngu,29
saves,29
seedsdelivery,29
server,29
shockproof,29
signs,29
spooky,29
ssl,29
strava,29
streetwear,29
tayplug,29
theme,29
tqt,29
truewireless,29
ufs,29
ultracamera,29
urea,29
vit,29
win,29
word,29
wrap,29
wrinkle,29
ahd,28
amastoreplus,28
ami,28
apt,28
arp,28
bend,28
biotracker,28
bjan,28
camerabongden,28
carotene,28
ceramic,28
champagne,28
chloride,28
circular,28
coach,28
compliant,28
complicated,28
custom,28
dcp,28
dining,28
donghochongnuoc,28
emc,28
emulsion,28
exception,28
fanpage,28
ghost,28
greatly,28
hook,28
inter,28
jar,28
kbps,28
kcal,28
lactate,28
left,28
maykhuyechtantinhdau,28
midi,28
minimizes,28
movies,28
msds,28
multifunction,28
nghestudio,28
nubia,28
ohminput,28
ounce,28
popping,28
pos,28
positioning,28
prefect,28
quanjeannamrach,28
quannamdep,28
raucuqua,28
removal,28
romania,28
sacduphongtichhopdaysac,28
santo,28
shatterproof,28
skinceuticals,28
sleeve,28
soundbar,28
sources,28
stem,28
sulwhasoo,28
tealight,28
tinhdautreoxe,28
ultrawide,28
update,28
warmly,28
witch,28
xenlulo,28
zipper,28
acnos,27
aid,27
baicalensis,27
balloons,27
bark,27
bio,27
bistro,27
bluetoothphone,27
camerahanhtrinh,27
cartridge,27
citrus,27
discarded,27
disturb,27
donghochobe,27
donghotot,27
duoimuoi,27
ect,27
emotions,27
enthusiasts,27
equivalent,27
estee,27
filler,27
forget,27
french,27
fuciformis,27
giadung,27
giant,27
hall,27
hamrol,27
hangers,27
harem,27
hawaiian,27
hero,27
imac,27
infinix,27
integration,27
itelecom,27
joy,27
kerr,27
kilner,27
lactobacillus,27
lanh,27
lids,27
lun,27
macos,27
mela,27
mineral,27
mobifone,27
mtk,27
nentrangtri,27
nhangnohoa,27
ohmplug,27
paper,27
partner,27
personalized,27
playlist,27
poster,27
presence,27
professionals,27
qty,27
restoration,27
roll,27
rotation,27
sacduphongkemdaysac,27
sacduphongtrongsuot,27
scutellaria,27
seasons,27
serumduongda,27
shelf,27
shoplinhkien,27
sillicone,27
singapore,27
snapshot,27
spanish,27
speeches,27
spherical,27
suitalbe,27
sum,27
themed,27
therapy,27
tremella,27
tripod,27
verizon,27
weighing,27
whistling,27
ability,26
africa,26
ampli,26
aptx,26
bifida,26
blend,26
breath,26
breathing,26
bulgaria,26
candles,26
coco,26
compliment,26
consistent,26
ctn,26
defense,26
depending,26
development,26
deviation,26
donghonam,26
donghonghegoi,26
ears,26
egcg,26
elegance,26
german,26
girls,26
handphone,26
hatgiongduachuot,26
hddung,26
hindi,26
hon,26
icon,26
industry,26
japanese,26
lapse,26
lauder,26
lem,26
lgplug,26
lha,26
lively,26
loaradio,26
lon,26
longa,26
lot,26
luuhuonglau,26
luxury,26
magnet,26
manhtienstudio,26
maylockhongkhi,26
mech,26
midrange,26
minimizing,26
moist,26
mui,26
muslim,26
nai,26
ngan,26
nhangtramsach,26
nova,26
paula,26
pinduphongtrongsuot,26
players,26
pretty,26
ptplug,26
remaining,26
resorcinol,26
revitalift,26
risk,26
rocoren,26
ruija,26
sadoer,26
saponin,26
sapthomxehoi,26
siren,26
speak,26
spiritual,26
strengthen,26
tampering,26
tent,26
terraces,26
thie,26
tinhchatduongda,26
tinhdaunuochoa,26
tramhuongnu,26
trongpin,26
trusted,26
tuithomhygiene,26
tuithomtreophong,26
typeus,26
umbrella,26
virginiana,26
xongtinhdau,26
xxs,26
zeblaze,26
absorption,25
acacia,25
adjustments,25
aesthetics,25
alerts,25
angustifolia,25
antioxidant,25
asrv,25
attach,25
calcium,25
cameraezvizngoaitroi,25
cameragiamsatgiare,25
cameragiamsatngoaitroif,25
cbmp,25
cloth,25
concentrate,25
conveniently,25
conventional,25
corner,25
cube,25
curcuma,25
decoding,25
donghogiare,25
drceutics,25
duo,25
fireplace,25
gazebo,25
gfsk,25
gifts,25
gigs,25
guarantees,25
handy,25
hdminicam,25
huongthom,25
huongtram,25
hydration,25
installations,25
instrument,25
interfaces,25
iris,25
khmer,25
khongday,25
kid,25
lamvuon,25
loachinhhang,25
loai,25
lotoahuong,25
ludottramhuong,25
mainstream,25
manhtiengiasi,25
matebook,25
mimo,25
monster,25
nenxongtinhdau,25
nhanhplug,25
oils,25
ore,25
person,25
pininput,25
principle,25
quanbonamrachgoi,25
quanjeannamcodan,25
ranh,25
rattan,25
remain,25
restore,25
serumduongam,25
sharpness,25
sign,25
spacing,25
sulfate,25
supplies,25
terminal,25
tinhdauque,25
tinhdauthugian,25
touched,25
trade,25
trrs,25
truffle,25
tunhien,25
wan,25
washing,25
xiaozhubangchu,25
xylitol,25
zte,25
acer,24
acetylated,24
alt,24
ampule,24
andriod,24
antoan,24
appstore,24
binh,24
browser,24
calorie,24
ceremony,24
chongnuoc,24
citral,24
clothing,24
column,24
combine,24
combines,24
commercial,24
compatibilityinovo,24
courtyards,24
croatian,24
dash,24
delighting,24
denxongtinhdaudotnen,24
disuccinate,24
donghodeotay,24
dqpsk,24
driving,24
dualeo,24
eau,24
engineered,24
etae,24
firmware,24
folic,24
fone,24
freedom,24
friction,24
geraniol,24
glycereth,24
gombattrang,24
grey,24
hagionghoa,24
headsets,24
highly,24
hom,24
housewarmings,24
hydro,24
illuminating,24
impact,24
incorporating,24
ink,24
international,24
items,24
lifelike,24
lift,24
lives,24
lkp,24
luxurious,24
lzd,24
mayxongtinhdauphongngu,24
mexico,24
microbluetooth,24
microthuam,24
mics,24
midweight,24
mission,24
nhanggiare,24
nhangtailoc,24
nhie,24
nung,24
peak,24
penetration,24
pilates,24
pores,24
program,24
quanongrong,24
rausach,24
resin,24
ruggedness,24
sacduphongenergizer,24
sample,24
sangda,24
select,24
serene,24
serumchonglaohoa,24
session,24
shipped,24
shoot,24
shutter,24
span,24
spike,24
sprint,24
starburst,24
strawberry,24
swimming,24
tail,24
tank,24
umts,24
uniform,24
vatphamphongthuy,24
videos,24
viennensodua,24
xao,24
zealand,24
abnormal,23
absorbing,23
acids,23
activation,23
ammonium,23
answering,23
aplug,23
appears,23
autumn,23
aws,23
backlight,23
barbecue,23
bars,23
boosts,23
bqb,23
bulk,23
burner,23
camerahd,23
capacitance,23
chamsocda,23
chen,23
clips,23
coaxial,23
coconut,23
complementing,23
constructed,23
contrabass,23
crystals,23
cskh,23
cutting,23
delivering,23
denat,23
dependability,23
duplex,23
ectoin,23
elements,23
emission,23
exercise,23
fairylight,23
filament,23
flood,23
fluorescent,23
garlands,23
hamamelis,23
hazel,23
hit,23
huongsach,23
imcp,23
infra,23
insertion,23
isopropyl,23
jogger,23
kakao,23
laboratory,23
leads,23
ludongxongtram,23
manhtien,23
mayxongtinhdauxehoi,23
measurements,23
microfono,23
microlivestream,23
minhcamera,23
minimalist,23
morning,23
newly,23
ngua,23
nobox,23
oliu,23
otchuong,23
overheating,23
pbh,23
phukiencongnghe,23
pisenvietnam,23
polish,23
polished,23
produng,23
purify,23
qrcode,23
quanjeandai,23
recognizable,23
rejecting,23
responsible,23
royal,23
sach,23
sackhongday,23
sat,23
serumtrangda,23
shiseido,23
slide,23
sofa,23
spectrum,23
stabilize,23
stereopin,23
strength,23
tailored,23
tiki,23
transportation,23
trs,23
turmeric,23
typeno,23
vitality,23
volte,23
watermark,23
weaving,23
xoong,23
acryloyldimethyl,22
advantage,22
amazing,22
amoi,22
awake,22
belt,22
biker,22
braided,22
bumstore,22
cachua,22
called,22
cameraezviztrongnha,22
cameragiadinh,22
capacityshow,22
cardio,22
carved,22
cavity,22
cheer,22
cruise,22
cuktech,22
cultivation,22
cuts,22
cyclopentasiloxane,22
denngu,22
distinguish,22
earcups,22
earjack,22
equalizer,22
ethylenediamine,22
existing,22
farcent,22
flawless,22
floor,22
foothills,22
graduation,22
handcrafted,22
handle,22
handling,22
hanoi,22
hashtag,22
hatgiongcu,22
hie,22
himalayan,22
himalayas,22
history,22
illuminator,22
incandescent,22
islam,22
islands,22
italian,22
jeju,22
joystick,22
khuech,22
kudixiong,22
lanyard,22
lcl,22
liquidum,22
lms,22
loathongminh,22
lounge,22
luu,22
matrixyl,22
maytoahuong,22
messages,22
mimosa,22
modulation,22
motorcycle,22
movement,22
mysteriously,22
nhangdot,22
notify,22
ohui,22
operator,22
opp,22
osmanthus,22
painting,22
paraffinum,22
passometer,22
perform,22
polarity,22
polymerplug,22
popup,22
ppikhe,22
quatang,22
random,22
receive,22
remaxchinhhang,22
reminder,22
romoss,22
russian,22
saccharide,22
sacduphongenergizerchinhhang,22
sacduphongkhongday,22
sachet,22
saffron,22
salon,22
sandalwood,22
sapthomquanao,22
scenes,22
seridelivery,22
shoulder,22
sieunet,22
skewers,22
smarthome,22
sourced,22
surprise,22
tagiatrang,22
tainghegaming,22
tecno,22
telefon,22
thousands,22
timinput,22
toanh,22
tool,22
tracks,22
trousers,22
venzen,22
viral,22
voi,22
voiceovers,22
xdr,22
xitthomphong,22
absorbed,21
accessing,21
accurately,21
adapters,21
adopt,21
adpcm,21
aes,21
akhe,21
amplification,21
angten,21
annoying,21
asha,21
atmos,21
audience,21
axis,21
backcamera,21
balck,21
ben,21
bluetooh,21
bmi,21
boya,21
bubbles,21
butanediol,21
camerengoaitroi,21
capsac,21
carplay,21
cellphone,21
chatbox,21
cleaning,21
cnp,21
cologne,21
configuration,21
connectivitys,21
coverage,21
customers,21
cvi,21
damaged,21
dan,21
decibel,21
deeply,21
deleventh,21
denlivestream,21
deputy,21
digi,21
dimmest,21
discomfort,21
dive,21
dongholapsim,21
donghothongminhchinhhang,21
donghothongminhgiare,21
dragon,21
duty,21
edifier,21
eerie,21
elite,21
ethanol,21
exceptional,21
exposure,21
fashionable,21
fda,21
flavonoid,21
frontcamera,21
ftion,21
glutamic,21
gratitude,21
gross,21
guang,21
holds,21
igmp,21
immersed,21
industrial,21
instantaneously,21
isk,21
iwfcam,21
joyfeel,21
kcl,21
lady,21
lifestyle,21
loacamtay,21
luhuongxongtram,21
lumen,21
lvd,21
lysate,21
masterpieces,21
mazer,21
measured,21
mechanical,21
menswear,21
minor,21
mpcamera,21
musicians,21
myphamchinhhang,21
networks,21
ngashop,21
nhangphuquy,21
nhangxoe,21
nostalgic,21
optimized,21
oxygen,21
paints,21
peppermint,21
pinsac,21
relaxation,21
relief,21
sapthomantoan,21
sapthomcaocap,21
sapthomtoilet,21
sapthomxe,21
sata,21
scans,21
seasonal,21
selfies,21
slogs,21
spotify,21
spread,21
straightforward,21
suffruticosa,21
tainghegiare,21
tanbeo,21
teen,21
tenda,21
thuam,21
treem,21
typemicro,21
ukraine,21
uniex,21
unlocks,21
vibrancy,21
wheat,21
whimsy,21
widget,21
wool,21
worlds,21
wreath,21
xam,21
abovephone,20
adapted,20
adventures,20
alignment,20
aromatherapy,20
authentication,20
avighi,20
backpack,20
berry,20
blog,20
bluetoothkhe,20
bodied,20
bon,20
cameraipwifi,20
canon,20
capable,20
capacitydefault,20
caramel,20
cau,20
caygiong,20
chamomilla,20
chance,20
citronellol,20
club,20
compartment,20
compatibilitysamsung,20
component,20
condition,20
cost,20
cricket,20
cucsac,20
cue,20
damoisturizingskin,20
dawn,20
dennhay,20
dienthoaigiare,20
dinhvi,20
dji,20
donghonu,20
donghothongminhnu,20
dori,20
dropouts,20
ecily,20
eliminates,20
enjoyable,20
firstly,20
fitpro,20
fpt,20
gluconolactone,20
hatgiongvietnam,20
hexyl,20
hiking,20
homeeye,20
hongkong,20
hunman,20
ifra,20
improves,20
increase,20
jello,20
journey,20
kebeteme,20
keychain,20
kospet,20
lanolin,20
lav,20
lighning,20
livetream,20
lock,20
mag,20
mayxongphong,20
medicube,20
melamin,20
methylpropanediol,20
micthuamgiare,20
mpdung,20
naturals,20
neodymium,20
nhangdentaibinhduong,20
nhangkhongmui,20
nilong,20
notch,20
ntc,20
oapple,20
offices,20
oke,20
oreo,20
performing,20
phat,20
picks,20
portability,20
powder,20
preference,20
pvm,20
quandai,20
recutita,20
renewing,20
retinyl,20
sapthomdetuquanao,20
scented,20
scientific,20
senegal,20
sequence,20
sessions,20
signals,20
situation,20
skinfood,20
socket,20
soybean,20
speaking,20
stations,20
stearic,20
stretch,20
tainghechoigame,20
tall,20
theordinary,20
thoi,20
transform,20
txa,20
usbpower,20
vbr,20
villa,20
wearing,20
weatherproof,20
whoo,20
woven,20
wrist,20
xitthom,20
xmobile,20
xongtam,20
artemisia,19
asapthom,19
asapthomas,19
aviation,19
bath,19
boom,19
braideds,19
bum,19
camerabaodong,19
celebration,19
cellphones,19
chanel,19
chao,19
choetech,19
chromaticity,19
classroom,19
cleanfit,19
collar,19
command,19
companionship,19
compared,19
compeansate,19
console,19
dbv,19
digest,19
dinhxongtram,19
donghogps,19
donghotheodoi,19
donghothongminhnghegoi,19
dot,19
duongtrang,19
dust,19
embellishments,19
erazer,19
expecrince,19
extremely,19
fabaceae,19
factor,19
feedabck,19
finnish,19
flex,19
fusion,19
gadgets,19
generating,19
girl,19
hagibis,19
hatgiongcay,19
hatgionggias,19
hatgionghoaqua,19
hatrau,19
hcmpower,19
hoahong,19
humanoid,19
humidifier,19
india,19
innisfree,19
intense,19
isostearate,19
japonica,19
jeep,19
jelly,19
kardon,19
kemduong,19
kitchen,19
label,19
lavandula,19
layor,19
ldac,19
learning,19
leisure,19
llsee,19
loabluetoothkaraoke,19
loaminibluetooth,19
loanhogon,19
loaxachtay,19
luxongtramdong,19
macaron,19
michatkaraoke,19
mikejie,19
molded,19
monitors,19
nangdong,19
newseal,19
nhangcay,19
nhanglai,19
nhangthaoduoc,19
niacin,19
noises,19
nuochoa,19
nvidia,19
ogg,19
oval,19
pat,19
pendant,19
persian,19
philippines,19
phthalate,19
phuchoi,19
plugs,19
pneumatic,19
polyesterphong,19
ponds,19
proline,19
protective,19
protocols,19
quirky,19
quoa,19
radiant,19
receievd,19
resonate,19
retinoids,19
rex,19
rohto,19
sacduphongpisen,19
sacpisen,19
sapthomaromacar,19
sapthomchongmuoioasis,19
sapthomdaunanh,19
sapthome,19
sevice,19
sizes,19
spend,19
spp,19
startup,19
stf,19
strech,19
sundream,19
supe,19
supplement,19
tainghebluetoothkhongday,19
tex,19
thuy,19
timed,19
tingle,19
toning,19
torriden,19
ultr,19
unbreakable,19
understand,19
unicom,19
updated,19
varies,19
veze,19
vibrators,19
victus,19
vietnamese,19
vietnammobile,19
vital,19
voices,19
wearables,19
windproof,19
wirelessly,19
workmanship,19
worrying,19
xiaovv,19
xitphong,19
ylang,19
amly,18
amtra,18
anime,18
annuus,18
approval,18
attenuated,18
azeloyl,18
bazan,18
bbull,18
bht,18
biosaccharide,18
bleach,18
blink,18
braide,18
cameragocrong,18
camerawwifiyoosee,18
caprylate,18
carnosine,18
caycanhmini,18
chic,18
chupa,18
chups,18
cleanser,18
cleansing,18
close,18
cmanufacturing,18
company,18
compatibilityhuawei,18
converts,18
cycling,18
daudua,18
deiog,18
detects,18
detox,18
diglycinate,18
doors,18
downy,18
dramatically,18
duoi,18
dye,18
eis,18
elliptical,18
essentialoil,18
festivals,18
fiess,18
films,18
finally,18
giamsat,18
gloryfit,18
hapsee,18
hatgiongdautay,18
hatgiongraucai,18
helianthus,18
hidden,18
illumiscin,18
indica,18
installed,18
jeanphong,18
joseon,18
jungle,18
khangnongseeds,18
khuechtan,18
kidneys,18
kilogram,18
laterns,18
layer,18
lighnight,18
linalool,18
loabluetoothpin,18
loanghenhachay,18
los,18
loss,18
luhuong,18
magnolia,18
mahdelivery,18
mahplug,18
mart,18
maykhuechtanlon,18
maykhuechtantinhdaulon,18
mayxonglon,18
mess,18
msn,18
muatinhdau,18
mucin,18
muoi,18
namlight,18
neighboring,18
netcam,18
netflix,18
neutral,18
nghesound,18
nhangkhuynhdiep,18
nhangmuoi,18
nhangxanh,18
noenname,18
noisy,18
oasis,18
ongrong,18
ontekco,18
optimize,18
osd,18
ouput,18
outfit,18
overcharge,18
panax,18
peony,18
pham,18
picom,18
placement,18
played,18
podcasters,18
pur,18
quanbaggynam,18
quanjeanbaggy,18
quiet,18
raw,18
refill,18
refund,18
remaxrpp,18
revive,18
rtcp,18
rxcxs,18
sacduphongmini,18
salicylate,18
sapthomphongvesinh,18
sdk,18
sections,18
sennheiser,18
sensia,18
serrum,18
shangrila,18
slovakia,18
sneaker,18
social,18
sophistication,18
steps,18
sticker,18
stimulate,18
switching,18
tainghekoday,18
term,18
textured,18
thailand,18
thanhly,18
thermal,18
thiamidol,18
thung,18
tidy,18
tightening,18
tik,18
tok,18
tramhuongsach,18
tress,18
upagrade,18
utilize,18
utilized,18
venues,18
vera,18
willow,18
windbreak,18
windowsbattery,18
xum,18
yoobao,18
zone,18
acquy,17
administrator,17
ambipur,17
angles,17
arbour,17
assemble,17
attractive,17
audiophiles,17
bad,17
barcode,17
basudin,17
bean,17
bedr,17
bengal,17
bionic,17
bnc,17
bongden,17
botox,17
boys,17
breeze,17
broadcasts,17
broader,17
camerasieunet,17
camerayoose,17
capcao,17
chase,17
colagen,17
concession,17
confidence,17
configurable,17
converting,17
cottonphong,17
crown,17
ctia,17
dbm,17
denxongtinhdaubangnen,17
disassemble,17
disturbing,17
donghodinhvigps,17
donghothongminhlapsim,17
dresser,17
dss,17
elastane,17
engaging,17
evening,17
exacting,17
excluding,17
fali,17
firm,17
flowers,17
forecourt,17
frequent,17
fuss,17
ghn,17
grapefruit,17
guests,17
hack,17
harmony,17
havana,17
hear,17
hey,17
imess,17
iml,17
incredibly,17
insulates,17
isolate,17
isosorbide,17
iwatch,17
kbeauty,17
kemduongda,17
kemtrangda,17
kong,17
labo,17
laneige,17
languages,17
linhkiendientu,17
livecam,17
lockhongkhi,17
loreal,17
lumia,17
lutramhuong,17
macsafe,17
mandelic,17
mason,17
maykhuechtantinhdaucaocap,17
mayxongtinhdaucaocap,17
metabisulfite,17
micbluetooth,17
microchonghu,17
microgiare,17
mint,17
namix,17
nas,17
nhanghuong,17
nhangitkhoi,17
nhattincomputervn,17
ogs,17
oom,17
osmo,17
otchithien,17
paired,17
passive,17
pear,17
pen,17
placenta,17
polyacryloyldimethyl,17
previous,17
privately,17
programmable,17
promote,17
quanongsuong,17
quanrin,17
rakhe,17
read,17
records,17
refer,17
reference,17
release,17
ridomil,17
rosa,17
sachanh,17
saint,17
secure,17
seoul,17
shoplinhkiennet,17
soc,17
sonic,17
sooc,17
soundclear,17
stronger,17
sweatproof,17
synchronization,17
synchronize,17
synchronized,17
taingheblutooth,17
taingheiphone,17
talking,17
tanin,17
tanustore,17
tdh,17
thiu,17
thocung,17
toahuong,17
toan,17
tools,17
tplink,17
tum,17
tyty,17
ult,17
ultrapods,17
urdu,17
vaorlo,17
ver,17
vitis,17
vulgaris,17
wearable,17
xongtramhuong,17
yovonine,17
zoompower,17
zweicx,17
adapt,16
ambi,16
ample,16
amr,16
amthanh,16
armor,16
asian,16
auxs,16
bap,16
battrang,16
bomb,16
brackets,16
broad,16
building,16
california,16
cammera,16
captivates,16
cayphongthuy,16
ccgood,16
celimax,16
cerave,16
complexion,16
congnghe,16
connectors,16
covering,16
crossing,16
czech,16
damascena,16
daucove,16
dauthu,16
daydenled,16
dayinternet,16
dedicates,16
denxong,16
dimming,16
dipeptide,16
divine,16
donghocamung,16
donghocaocap,16
donghogiatot,16
dutch,16
elf,16
essentialoils,16
ether,16
failures,16
fidelitys,16
files,16
fisheye,16
fluoroelastomer,16
foot,16
fragrant,16
gimbal,16
glance,16
glutamate,16
hada,16
hatgiongdua,16
hatotchuong,16
heard,16
heber,16
hebernaturallife,16
hebervietnam,16
hexin,16
hoatoc,16
hole,16
holes,16
hotliine,16
img,16
indulge,16
interpretation,16
isapi,16
isomerate,16
jin,16
johnson,16
kon,16
kute,16
lacquer,16
latinh,16
lee,16
legend,16
lifting,16
limonene,16
lipo,16
lokhuechtan,16
lrp,16
lysine,16
magnesium,16
manufacturer,16
marker,16
matte,16
methylparaben,16
mike,16
mip,16
mirco,16
miz,16
moisturizer,16
motham,16
neem,16
nhac,16
nhangmochuong,16
nhangmuoithai,16
nhangngaicuu,16
nhangorganic,16
nhangtramcaocap,16
nokiaplug,16
ocimum,16
penetrated,16
pharma,16
photos,16.
phthalates,16
phukien,16
pieces,16
pisencare,16
plate,16
ple,16
plosives,16
polycarbonate,16
powbank,16
powerbanks,16
powering,16
purpose,16
qualitybluetooth,16
quanjeanrach,16
quanjeansuong,16
recommend,16
refreshing,16
regulation,16
romance,16
rtos,16
sanrio,16
secret,16
selected,16
serumcapam,16
serummotham,16
skyloong,16
smoke,16
softener,16
soja,16
spark,16
stopwatch,16
streamlined,16
submerged,16
suckhoe,16
sweat,16
synchronous,16
tanh,16
taohuo,16
tcvn,16
tencel,16
tested,16
thinkplus,16
throat,16
tianyi,16
tien,16
tinhchatduong,16
tinhdauheber,16
tomorrow,16
trangtrinhacua,16
transfer,16
venu,16
vibrations,16
vlogger,16
vongtramhuong,16
watts,16
welding,16
xylitylglucoside,16
youthful,16
youtuber,16
yushu,16
zlo,16
abry,15
acc,15
accepted,15
adjustmentpan,15
adroid,15
advance,15
amplifiers,15
amplifies,15
anhydroxylitol,15
aokhoac,15
api,15
appeal,15
approach,15
banks,15
bbq,15
beam,15
bengali,15
butyl,15
bvtv,15
cameracarecam,15
capability,15
ceutics,15
chatluongtot,15
chinensis,15
classrooms,15
coenzyme,15
colored,15
combined,15
comfortably,15
comica,15
coupler,15
creativity,15
cvbs,15
dayled,15
delightful,15
desirable,15
dextrin,15
doi,15
dress,15
dualuoi,15
eirp,15
enchanter,15
entering,15
enzym,15
ethe,15
floral,15
forest,15
fps,15
freedun,15
gently,15
grain,15
harman,15
hatgiongdau,15
hbt,15
hdwificam,15
homekit,15
htpps,15
idol,15
indispensable,15
individually,15
inpods,15
isoceteth,15
itel,15
ivory,15
jacques,15
kie,15
kingston,15
kone,15
lanbena,15
lanceolata,15
languageenglish,15
lie,15
listing,15
lithiumion,15
loanghenhacbluetooth,15
log,15
loibong,15
lonbrand,15
ludien,15
luong,15
luxongdien,15
maintain,15
martiderm,15
maytinhdau,15
melaleuca,15
melissa,15
miband,15
mickey,15
microdanang,15
microkaraokebluetooth,15
microsdxc,15
mienphivanchuyen,15
mihome,15
modepower,15
multimedia,15
musk,15
mypham,15
nanomet,15
nenbo,15
nghegoi,15
nhangcuontanvang,15
nhangthiennhien,15
nhatrong,15
nightir,15
ning,15
obagi,15
omtp,15
parents,15
payment,15
pentapeptide,15
phuchoida,15
poles,15
ppower,15
preferred,15
pregnancy,15
prettyskin,15
project,15
protocolstcp,15
provids,15
purified,15
quanbocodan,15
quanjeanbigsize,15
quanjeancodan,15
quanjeanhot,15
quanjeannamchat,15
quanjeannu,15
quanjeanongrong,15
quanzean,15
queen,15
rapid,15
realm,15
redness,15
reed,15
remover,15
reprise,15
rest,15
result,15
retail,15
rhythmic,15
ripped,15
rubber,15
sapa,15
sapthomnhatam,15
sara,15
satya,15
score,15
seastina,15
sell,15
senana,15
serine,15
serumduongtrang,15
serumphuchoida,15
serumtrangdamotham,15
skeleton,15
slo,15
sonictech,15
spaker,15
spicule,15
sunrise,15
surging,15
tacy,15
tainghesamsung,15
tang,15
teachers,15
teca,15
telephoto,15
template,15
thackhoi,15
theatre,15
thich,15
thugian,15
tide,15
tinhdauhoahong,15
tinhdauxitphong,15
toulouse,15
tramhuongtunhien,15
trips,15
trongrau,15
truseen,15
tumble,15
turkish,15
typebaseline,15
ubiquinone,15
units,15
utilizes,15
vac,15
vloggers,15
warrantywarranty,15
warrantywhats,15
wellness,15
xionel,15
zones,15
acryloyldimethyltaurate,14
activating,14
adsorption,14
alanine,14
alopha,14
alternifolia,14
anchors,14
anthocyanin,14
aokhoacjeans,14
aovest,14
bbs,14
bear,14
bedside,14
bepxongthaomoc,14
bichup,14
bie,14
bluetoothtws,14
bokeh,14
booms,14
boosting,14
bottramhuong,14
boxsacduphong,14
bsmi,14
buteth,14
buyer,14
camara,14
cameraddns,14
cameradualphone,14
cameranhogon,14
capam,14
careplus,14
cartoon,14
clo,14
clutter,14
cocoon,14
common,14
compatibilityappleplug,14
compatibilityiphone,14
composition,14
considerate,14
constraints,14
corn,14
correctly,14
counter,14
craftsmanship,14
dashcams,14
dazzling,14
dex,14
disassembled,14
disour,14
dnd,14
donghothongminhdinhvi,14
dophongthuy,14
drawing,14
drives,14
enhancementblc,14
enter,14
era,14
experiences,14
filipino,14
focus,14
fold,14
foldable,14
freshener,14
genie,14
geo,14
geomagnetic,14
gluconate,14
glycyrrhizinate,14
hatgiongdailoan,14
hatgiongdaudua,14
hatgionghoacuc,14
hatgiongmy,14
hatgiongraudetrong,14
hatgiongthailan,14
hausephong,14
hihi,14
hoen,14
hollow,14
howling,14
hrm,14
hrs,14
hydroxyl,14
hydroxypropyl,14
illegal,14
illuminationcolor,14
interacting,14
isolated,14
issue,14
jieli,14
jooan,14
kale,14
kebememe,14
ken,14
kernel,14
khan,14
kimii,14
kitty,14
kiwi,14
kurz,14
lanskin,14
leather,14
liberty,14
lightyes,14
loahay,14
loakeodidong,14
loaninput,14
lounging,14
macadamia,14
massa,14
mayxitthomphong,14
medi,14
melasyl,14
melon,14
messy,14
micday,14
miclivestream,14
microcoday,14
motherboard,14
navy,14
news,14
ngot,14
nhangdientu,14
nhanghoacuc,14
nhangkhoanh,14
nhangtamtre,14
nhangtep,14
nhangthanhan,14
nhangthomando,14
nhangtramsa,14
nhangtubi,14
nlmt,14
nourish,14
ocienia,14
odb,14
okdeals,14
ola,14
overnight,14
oversize,14
parabens,14
patented,14
period,14
phytate,14
pinbuilt,14
pleasing,14
polysaccharide,14
powebank,14
probiotic,14
purchased,14
pvp,14
quanbaggy,14
quanjeancapchun,14
quanjeannamcogian,14
questons,14
race,14
rangeup,14
raspberry,14
realized,14
reason,14
replace,14
resist,14
ruby,14
sacduphonggiare,14
sandal,14
sclerotium,14
secretion,14
seimy,14
serumskin,14
shenzhen,14
sherpa,14
shopphong,14
shunison,14
smarphone,14
smartwatchgiare,14
smatwatch,14
snowflake,14
sockets,14
socola,14
soul,14
specific,14
starch,14
stellar,14
suunto,14
tainghethethao,14
teardrop,14
teller,14
tents,14
thoitrangviet,14
timeup,14
tinhdaukhumui,14
topbanchay,14
trail,14
transmit,14
trending,14
trog,14
trurelax,14
typefixed,14
typeinternational,14
typeir,14
ugx,14
vichy,14
viewup,14
vigi,14
vines,14
vinifera,14
vitacam,14
voip,14
vong,14
vsmart,14
wax,14
weightapprox,14
wiachnn,14
wishing,14
xiaodu,14
zqs,14
absolute,13
adhesive,13
adult,13
ahc,13
aikomi,13
airplay,13
algorithms,13
amine,13
ant,13
aripods,13
array,13
asleep,13
asmr,13
association,13
audiences,13
bare,13
barely,13
binaural,13
bolero,13
bose,13
boss,13
bracelet,13
bst,13
busy,13
butterfly,13
camerabandemcomau,13
camerahikvision,13
capacitor,13
caycanhdeban,13
caycanhtrongnha,13
ccueel,13
cedar,13
ceilings,13
champa,13
chatluong,13
civil,13
clary,13
cmt,13
codecs,13
coliect,13
collection,13
combining,13
compatibilityoppo,13
compatibilityxiaomi,13
concelling,13
conductioon,13
conductivity,13
conferences,13
container,13
crowd,13
cycle,13
cyclodextrin,13
daisy,13
dat,13
denxongtinhdaudethuong,13
dexpanthenol,13
dia,13
distearate,13
dnnk,13
donghothongminhxiaomi,13
dopamine,13
dose,13
drone,13
dulcis,13
duphong,13
effaclar,13
engine,13
enriched,13
feast,13
featuresbuilt,13
ferrite,13
fertilizer,13
filters,13
font,13
formulation,13
friend,13
ghk,13
gluta,13
gopro,13
graffiti,13
greasy,13
growth,13
hana,13
hardware,13
hatgiongrauanla,13
hatgiongthuycanh,13
hause,13
hdquay,13
headband,13
hellokitty,13
hide,13
himalaya,13
hoaphong,13
hopeway,13
hormon,13
hryfine,13
hubs,13
images,13
improving,13
indo,13
installable,13
instruments,13
intensity,13
interaction,13
invisible,13
iphones,13
jpg,13
kebidumei,13
kinetic,13
kingoil,13
kingoilphong,13
kupihn,13
laikou,13
lamdep,13
lazmaii,13
lead,13
levender,13
linkage,13
loausb,13
losslessly,13
lotus,13
lovenose,13
ltpo,13
magie,13
malic,13
marriott,13
masks,13
mayxongtinhdauduoimuoi,13
mayxongtinhdauot,13
melia,13
mentholatum,13
miccoday,13
michat,13
microlivetream,13
microloakeo,13
micros,13
mixed,13
mixing,13
mobiphone,13
modeyespower,13
mqskin,13
myphamhanquoc,13
nendotxongtinhdau,13
nghebluetooth,13
nhangcaytramhuong,13
nhangkhongkhoi,13
nhangthien,13
nhangtramtunhien,13
nia,13
niu,13
nobel,13
nobilis,13
nutramhuongcaocap,13
nutramhuongxongnha,13
oaihuong,13
olivate,13
oryza,13
oukitel,13
outings,13
pacepro,13
pads,13
pascal,13
pashto,13
passion,13
pastel,13
pbap,13
pearlsation,13
performanc,13
pharmacy,13
philips,13
pincamera,13
pincao,13
plasma,13
platinum,13
polyphenol,13
pover,13
procamera,13
producing,13
productivity,13
promoting,13
prunus,13
pterocarpus,13
ptjf,13
punk,13
quanchufjia,13
quickfit,13
reading,13
regenerist,13
rid,13
row,13
sacnhanhantoan,13
sdeo,13
seo,13
shadow,13
shipper,13
shrapnel,13
shrink,13
sit,13
smoother,13
solutions,13
sorbitol,13
soundpeats,13
spotless,13
stod,13
stored,13
subpart,13
sucrose,13
sunfat,13
suqare,13
surfaces,13
swolf,13
tainghexiaomi,13
taizhou,13
thuoc,13
tiendung,13
tiltdung,13
tinhdauthomphongngu,13
tinhdautunhien,13
tnw,13
tolerance,13
tott,13
trambot,13
tramhuongthiennhien,13
transmissioninput,13
trongheadphone,13
tuithomoto,13
tuithomphongngu,13
tuithomsunflower,13
tuithomthaomoc,13
tuqc,13
typelithium,13
vine,13
vitamine,13
vivoplug,13
watches,13
wif,13
wild,13
wishes,13
xiaomiplug,13
xintang,13
yuzu,13
zen,13
adam,12
adaman,12
ais,12
albania,12
albiflora,12
alginate,12
antutu,12
apiopen,12
apk,12
audit,12
aukey,12
aurantium,12
average,12
azadirachta,12
azpro,12
backdrops,12
backyards,12
balancing,12
basil,12
beaches,12
beige,12
benefits,12
benzyl,12
binhan,12
biotin,12
bla,12
block,12
bluetoothpixel,12
branch,12
brighter,12
bulgarian,12
burden,12
burmese,12
camerahinhbongden,12
cameranaoben,12
cameranaotot,12
cameranaoxaiben,12
cameryoosee,12
capacityn,12
cargo,12
carrot,12
cbr,12
cellular,12
centerpiece,12
cfr,12
chandan,12
chandungmic,12
chandungphongthu,12
chang,12
chanring,12
chargers,12
chie,12
circle,12
circumference,12
clientivms,12
clou,12
cny,12
colorvu,12
coms,12
concentration,12
cores,12
corrector,12
cos,12
countertops,12
cwarranty,12
dci,12
deeper,12
depend,12
deukio,12
diacetate,12
didong,12
dinhvigiamsattreem,12
dipalmitate,12
displayed,12
donghothongminhchobe,12
ecstatic,12
edit,12
efficacy,12
escape,12
esports,12
esquirla,12
ester,12
evercoss,12
extreme,12
eyun,12
fegobe,12
fog,12
force,12
foundation,12
fourth,12
freefire,12
fsc,12
fullcolor,12
galactomyces,12
gamma,12
gif,12
gimiou,12
glycerol,12
gnd,12
gooseneck,12
guard,12
hachdang,12
harajuku,12
harmonic,12
hatgiongco,12
hatgiongcuquadetrong,12
hatgiongdetrong,12
hdtvi,12
hen,12
heny,12
herbal,12
highlight,12
hisilicon,12
hostup,12
household,12
huongque,12
iata,12
ima,12
indicators,12
inspection,12
installing,12
instinct,12
intl,12
ipoad,12
iqoo,12
jeannu,12
jeansphong,12
jeanwash,12
kara,12
kbone,12
keeping,12
khumuioto,12
kidsplus,12
kll,12
kstyle,12
lamtrangda,12
lasts,12
lauryl,12
lengthy,12
lightningplug,12
linen,12
lion,12
listenings,12
loabluetoothgiare,12
loathenho,12
logistics,12
lovely,12
ltrakhe,12
mach,12
macrocarpus,12
maiba,12
malachite,12
manager,12
mancozeb,12
maykhumui,12
mayxongtinhdautulip,12
mechine,12
melanocytes,12
metrics,12
mexicoform,12
micdanang,12
microsdhc,12
midnight,12
mikrofon,12
mitou,12
moingaymotoutfit,12
mos,12
mpeg,12
nanxun,12
nds,12
nhangtramkhongtam,12
nhangtramnu,12
niasorcinol,12
nieve,12
nitrat,12
norman,12
nourishing,12
ornaments,12
overs,12
pantech,12
patengshops,12
pbar,12
pentavitin,12
phoidonam,12
phongthu,12
phytosphingosine,12
pixelbook,12
plants,12
powervr,12
probiotics,12
projector,12
pronunciation,12
quanjeannamongrong,12
radiation,12
rainy,12
rates,12
recharging,12
relaxed,12
remix,12
repeated,12
rheinland,12
romus,12
sada,12
sapduoimuoi,12
sapthomdephongngu,12
sapthomewods,12
sapthomgladenhat,12
sapthomkhumuithulanhdenkmit,12
sapthomlymo,12
sapthommy,12
sapthomnoel,12
scenario,12
science,12
separate,12
seridung,12
showcases,12
signature,12
sincerely,12
slovenia,12
smartlife,12
smartwatchcaocap,12
sneakers,12
solo,12
stearoyl,12
students,12
study,12
stw,12
subscription,12
sulfonic,12
supercorp,12
surroundings,12
switchday,12
tainghechinhhang,12
tainghecomic,12
techlivevn,12
thammun,12
thandottram,12
thanhlockhongkhi,12
tight,12
timeless,12
tinhdauhoa,12
treasure,12
trusleep,12
tuithomcaphe,12
tuithomtreotu,12
tuitreotuquanao,12
tuners,12
tuongphat,12
typemain,12
urban,12
uytin,12
velcro,12
vepe,12
visit,12
vnmobi,12
volum,12
walking,12
warrantyview,12
withstands,12
xongphong,12
xrmax,12
yoose,12
zealot,12
accept,11
accessorie,11
adaptors,11
adjusted,11
adjusts,11
adpter,11
afraid,11
aif,11
aifc,11
aigo,11
airpod,11
alaw,11
aliette,11
align,11
ambience,11
amps,11
appreciates,11
argan,11
arrangement,11
asf,11
auracast,11
baggynam,11
banding,11
bandwidth,11
blogger,11
bmp,11
bombox,11
boots,11
bottle,11
budget,11
builts,11
cabinet,11
cameracorau,11
cameradahua,11
camerangaydem,11
camerangoaitroiyoosee,11
cameraquayquet,11
camerayooseeptz,11
cammerayoosee,11
camyoosee,11
camyooseebongden,11
cangbong,11
canopies,11
caprylhydroxamic,11
carnitine,11
carrageenan,11
cayanqua,11
caybancong,11
cayhoa,11
caykhongkhi,11
caykhongkhikimyen,11
caylockhongkhi,11
cayrubancong,11
caytrangtri,11
caytreobancong,11
caytreotrongnha,11
caytrongtrongnha,11
ceuo,11
chandung,11
chargingpixel,11
chernel,11
child,11
choi,11
cinnamon,11
concerts,11
corporation,11
cottonform,11
covered,11
cssx,11
cymbopogon,11
danish,11
dauthom,11
daydenledtrangtri,11
deezer,11
dendau,11
denoise,11
denxoginhdauhinhamtra,11
ding,11
disc,11
distinctive,11
dogiadung,11
domestic,11
donghochinhhang,11
doscom,11
dudu,11
duongsang,11
dvi,11
edison,11
entertained,11
errors,11
eucalyptus,11
exploring,11
extraordinary,11
fashioned,11
filtering,11
fitbit,11
flamingo,11
flicker,11
flight,11
floors,11
focused,11
formulated,11
gara,11
garage,11
gathering,11
giamstress,11
glasses,11
glo,11
goal,11
gout,11
gpt,11
grab,11
graveolens,11
hard,11
hatgiongcaosan,11
hatgiongmuophuong,11
haunted,11
hdcp,11
hdmis,11
henygarden,11
hexylresorcinol,11
highs,11
hiphop,11
hnpower,11
hoadep,11
hosan,11
hvr,11
hydroxit,11
hydroxyethylpiperazine,11
ibook,11
icao,11
ich,11
individual,11
informed,11
infusing,11
inno,11
innovation,11
intelligence,11
intenses,11
introduction,11
ionplug,11
island,11
isononanoate,11
kcn,11
kemmun,11
khangkhuan,11
khuyen,11
khuyenmai,11
koreanskincare,11
labs,11
lacender,11
landung,11
ledtrangtri,11
lmpedance,11
loahatkaraoke,11
loamaytinh,11
login,11
lora,11
luau,11
lucky,11
lui,11
luxong,11
magicos,11
malthus,11
manage,11
maono,11
marketing,11
matricaria,11
maykhuechtantinhdauaroma,11
mayxongkhuechtantinhdau,11
mayxongtinhdauaroma,11
mayxongtinhdaukhuechtan,11
mayxongtinhdauphunsuong,11
mediapad,11
meea,11
melody,11
mentha,11
micellar,11
microday,11
microkaraokecoday,11
micstudio,11
mids,11
mili,11
milliampere,11
minhmodelnote,11
minimum,11
mipow,11
mixers,11
molan,11
monomer,11
mountain,11
mushroom,11
myristate,11
ngheprecision,11
nhangando,11
nhangcaytram,11
nhangcungphat,11
nhanghuongsach,11
nhangnhalam,11
nhangsachtramhuong,11
nhangthaphuong,11
nucifera,11
nuochoaxitphong,11
nuque,11
nurseries,11
nutramthackhoi,11
oat,11
obstacle,11
ocop,11
operates,11
optoelectronics,11
organicphong,11
organization,11
paage,11
pairs,11
panasonic,11
panda,11
pantothenate,11
partyboost,11
passed,11
patchouli,11
phloretin,11
pinsacdienthoai,11
planet,11
pockets,11
pod,11
polygonum,11
polytrin,11
powercore,11
poweriq,11
prebiotics,11
preferences,11
prices,11
purearoma,11
qam,11
qualitybattery,11
quanjeandennam,11
quanjeanongsuong,11
quanjennu,11
quanshort,11
quanshortnam,11
quatangsinhnhat,11
realfit,11
receipt,11
received,11
refining,11
rejuran,11
rejuvenating,11
remot,11
renewal,11
repeat,11
reproduction,11
requiring,11
restored,11
retinoll,11
sacduphongsamsung,11
santa,11
satisfaction,11
sdxc,11
sedentary,11
sensiatuithom,11
serumduongtrangda,11
serummun,11
shi,11
shipnow,11
ships,11
sieuthidientu,11
simcard,11
situations,11
slave,11
slr,11
smartband,11
smartwatchs,11
sophora,11
soundquality,11
spectre,11
sricam,11
srm,11
stella,11
streams,11
sulfat,11
sulfates,11
supercharge,11
surprisingly,11
switches,11
tainghedienthoai,11
tainghegame,11
taitaoda,11
takstar,11
tasmannia,11
tert,11
thaomocxongnha,11
thomphongngu,11
tichhopcapsac,11
tinhdauhoanhai,11
tinhdaulemongrass,11
tinhdaumassage,11
tinhdautam,11
tramhuongnguyenchat,11
tramhuongxongnha,11
traveling,11
travelsize,11
trueup,11
tuberose,11
tuihuong,11
tuithomdenhavesinh,11
tuithomdexeoto,11
tuithomsensia,11
tuithomtreonhavesinh,11
tuithomtreoxeoto,11
tuning,11
ufh,11
ultimune,11
uncomfortable,11
unparalleled,11
upa,11
vaper,11
vatphamthocung,11
venue,11
versa,11
visiting,11
wang,11
wart,11
week,11
xdobo,11
xongtindau,11
xox,11
yahoo,11
yamaha,11
zakka,11
zansong,11
abrand,10
activate,10
adopting,10
akg,10
aladdin,10
amorepacific,10
anthemis,10
anvil,10
arial,10
aromatic,10
assured,10
attachments,10
audiophile,10
aumomtic,10
auricle,10
aware,10
babies,10
baha,10
baofeng,10
bassup,10
bbestlife,10
beettercar,10
benzel,10
betterprotection,10
beused,10
bingo,10
binhkhuechtantinhdau,10
bip,10
bixby,10
blade,10
blending,10
bongdenxongtinhdau,10
botanical,10
botdanhuong,10
bowie,10
brassica,10
brightly,10
broadcastingor,10
bumblebee,10
bunny,10
camcorder,10
cameracomaubandem,10
cameraplug,10
cameraptz,10
cameraquansatgiare,10
camerawifiezviz,10
camerayooseebongden,10
camrea,10
cantilever,10
carica,10
carnival,10
carried,10
caycongtrinh,10
celsius,10
chenic,10
chijj,10
cicaplast,10
climbing,10
clockwise,10
cloudly,10
cob,10
cocsacnhanh,10
colourwarm,10
combothuam,10
commuting,10
compatibilitysony,10
complements,10
conflict,10
contained,10
cords,10
cosplay,10
counting,10
countries,10
coverstructure,10
cri,10
croptop,10
crusting,10
csc,10
csk,10
cvsd,10
cycles,10
dafit,10
danhuong,10
daubap,10
deco,10
decorphongkhach,10
delivered,10
deluxe,10
denledday,10
dentrangtriphongngu,10
derosal,10
designs,10
desktopmicrophones,10
detailsthis,10
digione,10
discharge,10
distribution,10
donghothongminhnam,10
dryness,10
dvelinil,10
eaa,10
eartips,10
elderly,10
element,10
emcfcc,10
encounter,10
entertaining,10
environmentce,10
epigallocatechin,10
erythritol,10
ethylhexyl,10
exp,10
expression,10
ext,10
extensive,10
falle,10
fatigue,10
festoon,10
filteringyes,10
finland,10
flare,10
foil,10
fonken,10
freeshipmax,10
ftycampro,10
furniture,10
gas,10
giammun,10
giaphong,10
gig,10
gigax,10
gim,10
glb,10
glonassgps,10
gmo,10
goc,10
gradually,10
grape,10
grass,10
gtws,10
hangouts,10
hatgiongbi,10
hatgiongcaysodua,10
hatgiongdualeo,10
hdcvi,10
hoadelivery,10
hoalinh,10
hooks,10
hopgodep,10
hopxongnhang,10
hulu,10
hunonic,10
hydroxypinacolone,10
icat,10
incovinese,10
inh,10
inositol,10
intensifier,10
intrusion,10
ipskhe,10
irritation,10
jaysuing,10
kdt,10
kdti,10
kemduongtrangda,10
kevlar,10
khum,10
khumuinhavesinh,10
kits,10
knit,10
kobi,10
kunoise,10
kyunglab,10
laroche,10
layers,10
lds,10
lich,10
lingtning,10
linton,10
loabluetoothbassmanh,10
lohoa,10
loosafe,10
ltps,10
maltodextrin,10
mannitol,10
marvel,10
maykhuyechtan,10
maytaodoam,10
mcu,10
meets,10
melasma,10
melaxin,10
mens,10
miaxia,10
mickara,10
miclivetream,10
microkaraokekhongday,10
mileage,10
milk,10
modenodung,10
monthsdung,10
motor,10
mst,10
mxh,10
myphoneplug,10
neckband,10
nextbit,10
ngheaudio,10
nguo,10
nhangdan,10
nhangkhongtam,10
nhangtramgiare,10
nhangtramgiasi,10
nhangtramhcm,10
nhangtramhuongsach,10
nhangtramsaigon,10
nnbili,10
nord,10
nut,10
nutrition,10
obis,10
octyldodecanol,10
odor,10
oleate,10
oligosaccharide,10
othersound,10
outstanding,10
oxide,10
palace,10
pannofluxus,10
papaya,10
pass,10
patin,10
pavilion,10
pbmc,10
pelargonium,10
photography,10
pickleball,10
pigmentation,10
placing,10
plugged,10
plup,10
pol,10
polo,10
polyisobutene,10
prepared,10
prevail,10
prompt,10
protable,10
provitamin,10
pvd,10
pwm,10
quanjeanden,10
quanshortjean,10
quicker,10
quoc,10
qusheng,10
rainbow,10
raumam,10
reflect,10
register,10
rejuvenate,10
renew,10
replaceable,10
requirement,10
requirethe,10
resoluton,10
restoring,10
retinoate,10
retractable,10
ria,10
rigid,10
rinse,10
rode,10
rog,10
romashi,10
rope,10
saccharomyces,10
sacduphongiphone,10
sacduphongremax,10
safeguards,10
sanctum,10
sapthomdephong,10
sapthomtreo,10
scar,10
scart,10
sdram,10
seedsmodel,10
sehvn,10
selectable,10
senssitivity,10
serumgiammun,10
sets,10
sha,10
shark,10
shoe,10
simmondsia,10
sinhphong,10
sirum,10
skull,10
smartwatches,10
smoothing,10
smoothness,10
smp,10
snugly,10
sodua,10
soluble,10
spi,10
stair,10
starcam,10
succinate,10
succinic,10
sulphate,10
sunshine,10
surrounds,10
swift,10
swivel,10
tailoc,10
tainghebluetoothsamsung,10
tainghesony,10
tainghetws,10
taitws,10
tamper,10
tayinput,10
taynghebluetooth,10
tel,10
telecom,10
telephony,10
tension,10
tests,10
tetrasodium,10
tfu,10
thactram,10
thalo,10
thaptramhuong,10
thpe,10
tienich,10
tile,10
tinhchatduongam,10
tinhdausajava,10
toocki,10
tpye,10
train,10
trangtriquancafe,10
treat,10
triggering,10
triggers,10
trouser,10
tsmc,10
tuithomtreoxe,10
turbro,10
typeusmanufacturing,10
tytecc,10
ulefone,10
unlock,10
vandal,10
vermiculite,10
vgc,10
vie,10
vietnammobi,10
vietnamobile,10
vitamins,10
vlcp,10
vms,10
volt,10
vongtramhuonghcm,10
vuatinhdau,10
wavelength,10
webcast,10
wheelbase,10
wipes,10
wln,10
wmv,10
worn,10
xitthomphongngu,10
xtreme,10
yeast,10
yiwei,10
zealsound,10
zenbook,10
zolo,10
aap,9
abandoned,9
accompaniment,9
actor,9
ads,9
adsorbed,9
ageing,9
ages,9
aluminium,9
andehyt,9
ang,9
arirang,9
artistic,9
asap,9
assures,9
atomized,9
bac,9
bags,9
ballad,9
balloon,9
banbuon,9
barbecues,9
bas,9
bbw,9
benzoin,9
bidirectional,9
bioactive,9
bioverse,9
bipow,9
blesiya,9
bloutooth,9
bluecam,9
bomach,9
bongda,9
books,9
boyfriend,9
bran,9
bud,9
butylbenzyl,9
cacti,9
calibration,9
calm,9
camarayoosee,9
camear,9
cameraai,9
camerachuyendong,9
camerawifiimou,9
camerawifiyoosee,9
carecampro,9
carot,9
caroten,9
caster,9
cattuong,9
caught,9
caydeban,9
caynoithat,9
cceth,9
celebrate,9
cera,9
ceteareth,9
chamomile,9
chemicals,9
chica,9
chile,9
chobe,9
cinnamaldehyde,9
circles,9
circuitry,9
cispr,9
clinic,9
clipped,9
cloudkaraoke,9
clublu,9
cntt,9
coa,9
coc,9
cocoli,9
communis,9
comprehensive,9
concern,9
constantly,9
controlcbr,9
controllable,9
conversation,9
coordinated,9
cotg,9
cowboy,9
csr,9
cuhv,9
customization,9
danhaycam,9
def,9
dehydroacetic,9
dencayly,9
denledtrangtriphongngu,9
denlong,9
denthocung,9
depda,9
depends,9
dhl,9
dieukhien,9
digismart,9
disclaimer,9
disturbed,9
diversified,9
dixsg,9
doa,9
dogs,9
dongguan,9
dream,9
dsd,9
dsr,9
duachuot,9
duoji,9
duongtrangda,9
dustproofcall,9
dvpc,9
earth,9
ember,9
eop,9
epistar,9
eseecloud,9
ethane,9
evoking,9
ewg,9
exiting,9
extension,9
falls,9
faq,9
feng,9
fermented,9
fgf,9
fitcloud,9
flamingos,9
flops,9
fomiok,9
frankincense,9
freshfood,9
frosted,9
fullvat,9
functionheartbeat,9
glucid,9
glutaboost,9
glycosyl,9
greek,9
gsc,9
hanukkah,9
hatgiongcarot,9
hatgionggiatot,9
hatgionghoamuoigio,9
hatgiongkhangnong,9
hatgiongotsieucay,9
hbm,9
healthy,9
heartbeat,9
heartleaf,9
herb,9
homer,9
homes,9
homestay,9
hotspotwi,9
hottren,9
houses,9
huami,9
huaqiang,9
hxwxd,9
hya,9
hydroxypropyltrimonium,9
ices,9
iconic,9
identify,9
imcam,9
imessage,9
imilab,9
incheskhe,9
incorporate,9
inducing,9
induction,9
ing,9
inspired,9
installationtreo,9
introduces,9
ism,9
ivms,9
jasminum,9
jaum,9
jiangmen,9
jlk,9
kbeatbox,9
kemduongam,9
kemnam,9
keratin,9
keyboard,9
lamdepda,9
lanhome,9
las,9
ledday,9
leverages,9
licochalcone,9
lightninginput,9
lindera,9
linhkien,9
linkageupload,9
loadeban,9
loi,9
lokhuechtantinhdau,9
longden,9
longnao,9
lps,9
luffy,9
luxwith,9
machines,9
maganet,9
mainboard,9
malate,9
mango,9
maps,9
marshall,9
marshmallow,9
masala,9
mayphuntinhdau,9
mediheal,9
meow,9
mesotherapy,9
mfg,9
mibrofit,9
michatbluetooth,9
michathay,9
microlive,9
microphoneyes,9
mictomahawk,9
minimize,9
moisturize,9
morus,9
mpixel,9
multiprotect,9
murah,9
myfirst,9
nao,9
naruto,9
naturally,9
nch,9
nelumbo,9
nendecor,9
nentealigt,9
nenthomdecor,9
nenthomtrangtri,9
newmsnr,9
nfcpixel,9
nhangcaocap,9
nhangthaomoc,9
nhanguytin,9
nhju,9
nightlight,9
nno,9
norwegian,9
novels,9
nuochoathomphong,9
nutramcaocap,9
nutramhuongkhoinguoc,9
nzs,9
onepiece,9
onset,9
ornament,9
otsieucay,9
oud,9
ovp,9
owen,9
padan,9
panoramic,9
pantothenic,9
parameter,9
pecine,9
pentaerythrityl,9
peru,9
peterhot,9
peti,9
phay,9
phongthuymayman,9
piezo,9
pinduphongxiaomi,9
pine,9
pineapples,9
pinluutru,9
pinsacduphongxiaomi,9
piperita,9
plaid,9
playba,9
poly,9
polyglycerin,9
polygon,9
pomegranate,9
pooh,9
powers,9
pri,9
property,9
propionaldehyde,9
protected,9
psram,9
purposes,9
quanbiker,9
quandui,9
quanjeancogian,9
quanjeanngan,9
quankakinam,9
quye,9
radiator,9
raumau,9
reaching,9
recognize,9
regent,9
rejects,9
replenish,9
restful,9
restless,9
riding,9
rndo,9
rosh,9
rrecording,9
sacduphongantoan,9
sacpin,9
safetyul,9
sanpham,9
sbt,9
scenery,9
screens,9
sdhc,9
securitypassword,9
semi,9
serumcangbongda,9
serumha,9
serumnguamun,9
serums,9
serumtaitaoda,9
sheet,9
shopdunk,9
shope,9
shorten,9
shorts,9
shur,9
simplified,9
sinhnhat,9
sisaigon,9
sophisticated,9
soromer,9
soundscape,9
sparkle,9
spices,9
spicules,9
splash,9
stairs,9
standalone,9
starssssss,9
stories,9
styrene,9
success,9
sufficient,9
surely,9
surge,9
svr,9
switched,9
symbols,9
taibluetooth,9
tainghechongnuoc,9
tainghemini,9
tainha,9
tanu,9
technical,9
teclast,9
tempered,9
thcs,9
thegioihatgiong,9
thenno,9
thera,9
thoitrang,9
thunholochanlong,9
tiam,9
tiep,9
timers,9
tinhchatduongtrang,9
tinhdaucam,9
tinhdaudephong,9
tinhdauthiennhiennguyenchat,9
tinhdauthomphongthiennhien,9
tinhdautreophong,9
tomato,9
tontuong,9
translation,9
transmissiondelivery,9
tray,9
triathlon,9
trick,9
triggered,9
trongrausach,9
tuner,9
tunes,9
tutorials,9
twitch,9
upod,9
usams,9
usbinput,9
utra,9
vacation,9
valentines,9
vcci,9
vent,9
vetiver,9
vfasion,9
victory,9
vintlook,9
violin,9
virb,9
virut,9
visible,9
watchband,9
wattage,9
wellage,9
wildful,9
wirelesscharging,9
woaichang,9
wooden,9
workout,9
wsse,9
xitkhumui,9
xongnhatayue,9
yowk,9
ypplug,9
zoro,9
absorb,8
adater,8
advancer,8
aiken,8
alc,8
almond,8
ambergris,8
amiri,8
anniversaries,8
anod,8
anodizing,8
aqara,8
aqta,8
arc,8
argireline,8
armand,8
armoled,8
autowholesaler,8
balanceactiveformula,8
balm,8
bandemcomau,8
basis,8
batch,8
batterie,8
beats,8
becphunsuong,8
behenyl,8
beplain,8
beploibong,8
bepphunsuong,8
bepsieuam,8
bestseller,8
biaoquan,8
bihome,8
bilateral,8
binhhoa,8
binhlamnatural,8
binhxitthomphong,8
bioavailable,8
bioderma,8
bird,8
blank,8
blooming,8
bluetoothsony,8
boba,8
bobashop,8
bongdenxongbattrang,8
bonghalogen,8
bonguon,8
bongxop,8
breakage,8
buckle,8
camcorders,8
cameraketnoidienthoai,8
camerawifingoaitroi,8
camon,8
campuchia,8
capacitypin,8
carabiner,8
carbonate,8
carrying,8
caryophy,8
caution,8
caygiare,8
cayhangnen,8
cayhoadep,8
caythuysinh,8
cayvanphong,8
ccd,8
certifications,8
chargeinput,8
chronoluxtm,8
chum,8
cjing,8
classes,8
claus,8
clearance,8
coaching,8
cok,8
colla,8
commitment,8
commscope,8
communicate,8
compatibilitysamsungplug,8
compromising,8
confidor,8
cooperation,8
corrective,8
cpnp,8
creamy,8
crom,8
crystalres,8
cskin,8
cuahang,8
cusac,8
cuspidatum,8
cuttable,8
cuulongstore,8
cyber,8
dacdiem,8
dad,8
dadefault,8
dalamtrang,8
dalamtrangngay,8
danya,8
daserum,8
datenot,8
dauden,8
dauhalan,8
dauphunsuong,8
daynhay,8
dcare,8
decorphongtho,8
dedicated,8
delight,8
denlongdo,8
denlonggiay,8
denlonghoian,8
denlongtet,8
denlongtrungthu,8
dermalogica,8
deumauda,8
dextran,8
dfvds,8
dialmeter,8
diamond,8
diffusion,8
diisostearyl,8
dioic,8
directwi,8
disconnected,8
distressed,8
dmt,8
doanhform,8
domain,8
donghochatluong,8
donghonamnu,8
donghovideocall,8
dontailoc,8
doubles,8
drag,8
drip,8
dropper,8
duets,8
dulieudidong,8
duongdalamin,8
dxrxc,8
earhook,8
earplug,8
earpod,8
easylink,8
eclectic,8
egpu,8
ekleva,8
ekseption,8
elitebook,8
elough,8
enabling,8
enchanteur,8
epharma,8
epharmaprime,8
epsom,8
equalization,8
erm,8
ethoxylate,8
ethylated,8
explore,8
factors,8
favourite,8
featuresfast,8
fenix,8
figure,8
flickering,8
folio,8
formats,8
fressia,8
friday,8
future,8
giamtham,8
giaohangtannoi,8
giatot,8
giaythomphongquanao,8
glare,8
globe,8
glycerinum,8
gmobile,8
grams,8
granatum,8
grand,8
gucci,8
gzss,8
halogen,8
hammer,8
hangchinhhang,8
hanlu,8
harlan,8
hashtags,8
hatgiongbanbuon,8
hatgiongbau,8
hatgionghanhla,8
hatgionghoabancong,8
hatgionghoadetrong,8
hatgiongmienphi,8
hatgiongrausach,8
hatgiongsuplo,8
havit,8
hcl,8
hcmdung,8
hearing,8
hexylene,8
hippophae,8
homyl,8
hopthandottram,8
htx,8
hue,8
hyaluronicacid,8
hydroxyphenyl,8
hyrox,8
icicle,8
ideapad,8
igf,8
import,8
inb,8
independently,8
infinite,8
inspiron,8
insulated,8
interruption,8
irritant,8
iscustomized,8
jeannamongsuong,8
jeansform,8
jvj,8
kaimeidi,8
kamel,8
kami,8
karate,8
kawaii,8
kbview,8
kep,8
kerosene,8
khampha,8
khau,8
khumuihoi,8
kindly,8
kingdom,8
kirin,8
klairs,8
kraft,8
kyung,8
laa,8
lalux,8
lamine,8
laminepharmacy,8
lamtansamda,8
lancome,8
land,8
landscape,8
laze,8
leakage,8
lebelage,8
legacys,8
leica,8
letters,8
lexar,8
lim,8
linear,8
livetrack,8
loaradiopin,8
loisong,8
loops,8
loviver,8
lowest,8
luck,8
ludongdottram,8
luhuongdottram,8
lumbley,8
luxongtrambangdong,8
mahcamera,8
maintenance,8
manga,8
maple,8
marine,8
masage,8
matryxyl,8
matxa,8
mayquayanninh,8
mays,8
mayxongtinhdauhinhsaohoa,8
mayxongtinhdaumattrang,8
mechanisms,8
megaphone,8
metallic,8
meticulous,8
miccaiao,8
miccro,8
microchinhhang,8
microhatkaraoke,8
micromini,8
microtomahawk,8
mimi,8
minghao,8
minimal,8
minute,8
mkv,8
mlb,8
molecular,8
monday,8
murad,8
myphamnhatban,8
myrrh,8
mystique,8
mzta,8
nail,8
naimo,8
naphthalen,8
ncc,8
nenkhongmui,8
neop,8
nep,8
nhahang,8
nhanggiasi,8
nhangkhonghoachat,8
nhangthocung,8
nhanhbrand,8
nhanhdelivery,8
nighttime,8
ninhindoor,8
nonstop,8
nougat,8
nowrap,8
nuochoaxitthomphong,8
nuocxitthomphong,8
obstacles,8
obstruction,8
odm,8
ohio,8
omega,8
ootdty,8
operations,8
opt,8
orchid,8
outpro,8
overcurrent,8
parks,8
patrol,8
pencil,8
peroxide,8
pffice,8
pgi,8
phantomchinhhang,8
pharmaform,8
phenyl,8
phongbuilt,8
phospholipids,8
phuchung,8
phukienmayxongtinhdau,8
physio,8
phyto,8
pinduphongremax,8
pinpolymer,8
pinsheng,8
playful,8
plugging,8
pogo,8
polymerinput,8
polymethacrylate,8
polypropylsilsesquioxane,8
powerhouse,8
ppt,8
presentation,8
printing,8
promotes,8
properties,8
propylparaben,8
protections,8
proteoglycans,8
protid,8
proxylane,8
punica,8
qld,8
qpow,8
qualityheadphone,8
quanchun,8
quanduinam,8
quanjeanbaggynam,8
quanjeannamhanquoc,8
quanjeannamongdung,8
quanjeantuihop,8
quannamcogian,8
reader,8
recorders,8
reduced,8
reedle,8
regulations,8
reno,8
resonance,8
restores,8
reusable,8
rhamnoides,8
ricinus,8
roof,8
rough,8
russia,8
sacdienthoai,8
sacduphongdanang,8
sacduphonghoco,8
sacduphonglaptop,8
safeskin,8
salix,8
salmon,8
samsun,8
samsungplug,8
sanan,8
sapthomfarcent,8
sapthomgiare,8
saramonic,8
satisfactory,8
saymee,8
sbs,8
scheduled,8
scheme,8
sensivity,8
serumsekhitlochanlong,8
settingsrotate,8
shap,8
shapes,8
sheraton,8
shockmount,8
shut,8
shuts,8
sided,8
sieuthihatgiong,8
silan,8
silane,8
siliconle,8
sized,8
smartir,8
smartthings,8
sonran,8
soy,8
split,8
spreadtrum,8
src,8
starter,8
stature,8
steam,8
stocks,8
strees,8
strips,8
sugar,8
sulfur,8
sumo,8
supple,8
suppression,8
tainghebluetoothxiaomi,8
tainghechongon,8
taingheios,8
taingheipod,8
taiwan,8
tale,8
tannhang,8
tartaric,8
taypower,8
taythamsam,8
technologies,8
testing,8
tether,8
tetraisopalmitate,8
thacnuocchaynguoc,8
thacnuoctieucanh,8
thacnuoctuanhoan,8
thacxongtram,8
thanmoitram,8
thanshisha,8
thantram,8
thantramhuong,8
thaphuong,8
thenhousa,8
thietbithuam,8
thimble,8
thomnha,8
thorakao,8
thoughtfully,8
thpt,8
threonine,8
tiato,8
tieccuoi,8
tinhchatserum,8
tinhchatxoatham,8
tinhchatxoathamnam,8
tinhdaulavender,8
tinhdaunuochoathomphong,8
toanquoc,8
topk,8
trainghiem,8
tramhuongcaocao,8
tramhuongchaynguoc,8
trangtribanthothantai,8
transmissionpower,8
treacker,8
treb,8
trehoa,8
trehoada,8
tren,8
trikenol,8
trimethicone,8
tsau,8
tuithombotuquanao,8
tuithomtreox,8
tuongphatmini,8
tyce,8
typc,8
typeeuinput,8
typeeumanufacturing,8
typeuniversalbrand,8
ucuc,8
umidigi,8
unified,8
union,8
validacin,8
valine,8
vangco,8
variable,8
vbluetooth,8
vcr,8
ventilated,8
vesiculosus,8
vibes,8
videofullhd,8
viettell,8
vismart,8
vitc,8
vlc,8
vnsky,8
warmth,8
wat,8
wearpro,8
wellington,8
west,8
whitelight,8
wintel,8
workouts,8
worldmart,8
wristband,8
wster,8
xoanamtannhang,8
xoasamnamtannhang,8
xoatham,8
xoathamnamm,8
xoathamsamda,8
xxxl,8
yiiot,8
yosd,8
zea,8
abib,7
acdual,7
acosmetics,7
activeshield,7
admin,7
advertising,7
agency,7
aichun,7
ake,7
akn,7
albanian,7
alibaba,7
altitude,7
alzheimer,7
ampe,7
amusement,7
analysis,7
analytics,7
ance,7
animation,7
antien,7
aov,7
applicated,7
artist,7
aspartic,7
asr,7
assurance,7
atiso,7
attaches,7
aura,7
australian,7
auxplug,7
avoiding,7
awg,7
bacillus,7
baezh,7
bankbattery,7
banner,7
barometric,7
basilicum,7
batery,7
bbon,7
bca,7
bdzl,7
beginners,7
belif,7
belkin,7
bending,7
benlate,7
benzylamide,7
berlin,7
beston,7
bigo,7
bigy,7
bike,7
binhphunsuong,7
binhxongtinhdau,7
bixp,7
blemishcare,7
blockbusters,7
blocks,7
blossoms,7
boot,7
branches,7
briame,7
brightener,7
brithday,7
broccoli,7
browserplug,7
buddha,7
buildings,7
buyers,7
bvrzo,7
caffein,7
cake,7
cal,7
calendula,7
caller,7
cameraipyoosee,7
cameranangluongmattroi,7
camerananinh,7
cameranetcam,7
camerasirishome,7
cameratrongtre,7
camo,7
camouflage,7
candy,7
canvas,7
capillaris,7
capsules,7
captivating,7
carotsieutrai,7
caythong,7
caythongnoel,7
cctvcamera,7
cemeteries,7
chaixitthomphong,7
chandelier,7
chargercase,7
chart,7
checker,7
chonglaohoada,7
chuan,7
cif,7
cisco,7
citronella,7
clobetamil,7
clubs,7
cnumber,7
coated,7
cocoa,7
colombia,7
coloros,7
comment,7
compare,7
comparison,7
complementary,7
confirmation,7
connectable,7
consist,7
conversations,7
coppers,7
corridor,7
cortextm,7
cosrx,7
creator,7
cucumis,7
cyanocobalamin,7
damp,7
dano,7
darkness,7
denneon,7
des,7
diamondhx,7
dicaprylyl,7
differs,7
diffusa,7
discharging,7
disconnection,7
discord,7
discover,7
discoveries,7
dissipate,7
dlc,7
dnn,7
dolar,7
dosen,7
dps,7
dusk,7
dyeing,7
dynamicmicrophone,7
earphonespower,7
economical,7
effort,7
electroplating,7
emmc,7
enclosure,7
epa,7
epharmacy,7
erhu,7
ericsson,7
essences,7
estd,7
ethylhexanoate,7
eufy,7
excel,7
excursions,7
exfoliating,7
explorer,7
extrabattery,7
facing,7
fashiontech,7
fastcharging,7
father,7
fear,7
fig,7
filled,7
finely,7
fireplaces,7
firstbeat,7
fishing,7
flair,7
flowerseeds,7
forte,7
fortune,7
freertos,7
fts,7
fullerene,7
gaib,7
gamble,7
gbcamera,7
gelatin,7
ginger,7
ginsenomics,7
giordano,7
goodbye,7
guaranteed,7
hac,7
hair,7
haiyu,7
handles,7
harm,7
hatot,7
hawaii,7
hband,7
hdi,7
healthcare,7
hermione,7
hhm,7
hieasy,7
hindered,7
hostpot,7
hpr,7
hungry,7
hydrate,7
hydrogen,7
hydrolysate,7
hyundai,7
icloud,7
ide,7
idi,7
idpixel,7
iego,7
illuminated,7
improver,7
inactivity,7
innovations,7
inserted,7
insist,7
integrates,7
intended,7
interconnected,7
inventory,7
iospower,7
iphonecharger,7
isohexadecane,7
ivy,7
jam,7
jtke,7
jump,7
karaok,7
karmel,7
kaw,7
kawm,7
khaki,7
kick,7
kidscare,7
klirvin,7
laca,7
lach,7
lak,7
larocheposay,7
lather,7
lauric,7
layered,7
lcx,7
lemfo,7
letting,7
license,7
lightingplug,7
lime,7
ling,7
linking,7
linoleic,7
liposom,7
liposomized,7
loafers,7
luxe,7
madewhite,7
mangtaytim,7
massge,7
matcha,7
matched,7
mdac,7
medical,7
mems,7
met,7
methacrylate,7
methylglucose,7
miffer,7
mih,7
mimics,7
minhkhe,7
minhmodelgalaxy,7
miro,7
mirroring,7
moda,7
modeco,7
modeyesplug,7
mold,7
monthskhe,7
monthswhats,7
moringa,7
mother,7
mredl,7
msi,7
mtpj,7
muff,7
myeye,7
nach,7
national,7
nau,7
navigating,7
negotiation,7
neopentyl,7
neurosensine,7
niaciamide,7
nicelect,7
nicos,7
nien,7
nightingale,7
nin,7
ninja,7
nitride,7
nivea,7
nodom,7
noen,7
nom,7
npp,7
nput,7
nuances,7
observe,7
obsidian,7
obvious,7
ofc,7
officiai,7
ohr,7
oily,7
oleifera,7
olong,7
osaka,7
ouhoe,7
paba,7
palermo,7
panels,7
panh,7
paramount,7
park,7
pda,7
peptit,7
perfecting,7
phytic,7
phytosterol,7
phytosterols,7
pins,7
plasticcolor,7
plasticfeatures,7
plateds,7
playroom,7
polydeoxyribonucleotide,7
poolside,7
pour,7
powercase,7
praise,7
pressed,7
pressing,7
preventing,7
prioritize,7
priority,7
prm,7
procedure,7
processed,7
procter,7
productincluded,7
prolonged,7
promise,7
puki,7
purity,7
query,7
radios,7
ramadhan,7
rav,7
reamle,7
rec,7
receivers,7
receives,7
recharges,7
regions,7
rejy,7
relacart,7
reliabled,7
remotely,7
rendering,7
repairing,7
restroom,7
returned,7
returns,7
ride,7
rise,7
ritual,7
robin,7
robo,7
romaine,7
romanian,7
rovral,7
ruffian,7
salvia,7
saxophone,7
saymi,7
scare,7
screensize,7
securely,7
selangor,7
senasle,7
senbenbao,7
sendem,7
senseless,7
sensors,7
sexy,7
shiou,7
shiper,7
shops,7
shubole,7
shupu,7
sin,7
siriusxm,7
skincareroutine,7
slack,7
smell,7
smoothly,7
snowman,7
soa,7
spikes,7
staggering,7
standbybattery,7
standing,7
starting,7
stearyl,7
steroid,7
stoper,7
storepower,7
suited,7
supervooc,7
swedish,7
swing,7
switzerland,7
symmetrical,7
szha,7
tables,7
talc,7
tamarindus,7
tangle,7
taynotruoi,7
taytannhang,7
teammates,7
tear,7
techinnovation,7
techlifestyle,7
techstyle,7
tesla,7
thennobeauty,7
thietbilivestream,7
thumb,7
tiger,7
tighten,7
timex,7
ting,7
tkhi,7
tof,7
toshiba,7
tower,7
trakhe,7
transaction,7
transducerbattery,7
translate,7
transparency,7
treadmill,7
treaters,7
trelb,7
triclosan,7
trie,7
tthay,7
tvs,7
tye,7
typemono,7
udop,7
ultimatess,7
ultralarge,7
ultrasonic,7
unbox,7
underwater,7
unmatched,7
upload,7
url,7
usbcable,7
usbotg,7
values,7
vay,7
vertically,7
verz,7
viola,7
visage,7
vtnn,7
wfi,7
wife,7
windshield,7
wirelesls,7
wiwu,7
workers,7
worth,7
wreaths,7
xiao,7
xingma,7
xlab,7
xsmax,7
yanhee,7
yesteryears,7
yonuo,7
zctp,7
zhejiang,7
zmi,7
zyplanet,7
achillea,6
acs,6
adaptation,6
adipate,6
admire,6
affordable,6
afhy,6
aim,6
aiqinhaimaoyi,6
airdots,6
akia,6
algo,6
alkaline,6
alvarezii,6
amet,6
ampoules,6
ando,6
andoid,6
androidpower,6
anessa,6
anodized,6
anomalous,6
anr,6
antent,6
antracol,6
apo,6
applicability,6
apro,6
arinobu,6
aristino,6
aronia,6
arranging,6
ascorbate,6
audiobook,6
auoyo,6
aurora,6
ava,6
avocado,6
badge,6
baggynu,6
baizton,6
bands,6
basix,6
bassa,6
bat,6
bbox,6
bead,6
bedelivery,6
beginner,6
bell,6
bellis,6
benzoic,6
benzoyl,6
bestselling,6
biking,6
blah,6
blemishes,6
blessing,6
blinking,6
blocking,6
bloom,6
bluetoothheadset,6
bluetoothspeaker,6
bnib,6
bobashopvn,6
bold,6
bonaza,6
bonita,6
bonjour,6
bowling,6
braid,6
brbr,6
brightens,6
brolamen,6
bskm,6
bts,6
buddy,6
buetooth,6
bulit,6
buo,6
butadiene,6
butter,6
butyrospermum,6
buzzer,6
byzi,6
byzm,6
camarawifi,6
camerafofu,6
cameraipfofu,6
camerakep,6
capacitynone,6
capryloyl,6
caramelessence,6
carota,6
cars,6
cater,6
caykhongkhihonghanh,6
caykhongkhithachthao,6
caytrongnha,6
ccgenius,6
cctalk,6
cedarwood,6
cercospora,6
cetaphil,6
cgi,6
cgmp,6
chaixitphongthom,6
chargingoutputsmicro,6
cheadphone,6
cheese,6
chiristmas,6
chirping,6
chondrus,6
chongtham,6
chuamieu,6
chupachups,6
chuye,6
chuyen,6
circuits,6
citronellal,6
citta,6
claritys,6
clearchat,6
clove,6
clubluvn,6
cmodelsamsungkhe,6
comet,6
community,6
commutes,6
complextm,6
confido,6
conforms,6
consumes,6
coolmate,6
cope,6
copter,6
cordata,6
corrosion,6
corylifolia,6
count,6
coupons,6
crispus,6
cucurbitaceae,6
cups,6
curzate,6
cusacnhanh,6
daconil,6
dadau,6
damask,6
dankaraoke,6
darkspot,6
daucus,6
dayenthao,6
dbserla,6
dcif,6
decollete,6
decorphong,6
decrease,6
deday,6
defective,6
denbantho,6
dendo,6
denledtiktok,6
dennhaynhieumau,6
dennhaytrangtri,6
dentho,6
dentindau,6
dentrangtrinoel,6
dentrangtrituong,6
denxongtinhdaumautrang,6
dermarium,6
descriptionseriessee,6
descriptionskin,6
detailing,6
detected,6
diaminobutyroyl,6
diazolidinyl,6
dienthoaicamung,6
dienthoainguoicaotuoi,6
diethoxyethyl,6
dimmer,6
din,6
directv,6
discoloration,6
discs,6
displaysupport,6
distarch,6
district,6
dkcz,6
dochoicongnghe,6
doctor,6
dog,6
donghoandroid,6
donghochotre,6
donghogoivideo,6
donghotreemgiare,6
dqmy,6
dreams,6
drsoromer,6
drying,6
dubbing,6
duc,6
dul,6
dungcu,6
dungcunongnghiep,6
duongsangda,6
earpiece,6
eczema,6
ede,6
ehoona,6
elixir,6
embrace,6
emi,6
enableds,6
endless,6
enhanceds,6
epharmavn,6
erbs,6
ergothioneine,6
eseanlee,6
esence,6
esporte,6
essentials,6
este,6
estonia,6
euro,6
evenswiss,6
expert,6
expertly,6
expose,6
facetime,6
featurings,6
ficus,6
fil,6
firmly,6
flavor,6
flc,6
flexuosus,6
flycam,6
follower,6
fomes,6
formulations,6
fox,6
fpo,6
freebuds,6
freedifying,6
freel,6
frequencies,6
frequently,6
frogcandy,6
fructose,6
fukuhara,6
funomyl,6
fusarium,6
gagay,6
gallate,6
gameplay,6
ganoderma,6
gap,6
gau,6
gehw,6
genactiv,6
genifique,6
genre,6
geranium,6
germ,6
ghita,6
giamgia,6
ginza,6
giormani,6
glitter,6
glory,6
gluceth,6
gms,6
gokhuechtantinhdau,6
gqwj,6
grabexpress,6
grandis,6
grasp,6
greentea,6
gtr,6
guangzhou,6
guides,6
gung,6
hagionghoahongthango,6
hamburger,6
hanrui,6
haomuren,6
hatgiongbap,6
hatgiongcayantrai,6
hatgiongcaycanh,6
hatgiongcayduoclieu,6
hatgiongduahau,6
hatgiongmangtay,6
hatgiongmongtoi,6
hatgiongraucaingot,6
hatgiongraucaixoong,6
hatgiongsieure,6
hatgiongtiato,6
hazelnut,6
hbo,6
heating,6
helmet,6
hepes,6
hgytantriol,6
hiseeu,6
histidine,6
hoahongthango,6

hobbyists,6
hollywood,6
hongthango,6
horizontally,6
hormone,6
hotkeys,6
houttuynia,6
hpkf,6
hshopvn,6
huaqiangbei,6
huongnhangtram,6
huongthantai,6
hvp,6
hydoxybenzoate,6
hydrates,6
hypercharge,6
ikhr,6
incensesticks,6
inchs,6
inci,6
inclined,6
inconvenience,6
increased,6
incredible,6
influencers,6
inligent,6
innostyle,6
inpod,6
interior,6
intermet,6
interrupting,6
interval,6
inulin,6
involved,6
iodopropynyl,6
ipados,6
ipods,6
iskin,6
isoleucine,6
isopentyldiol,6
israel,6
itqr,6
itunes,6
jadeite,6
jasmin,6
jeandennam,6
jeannambigsize,6
jeannamongrong,6
jeannamslimfit,6
jeanongrong,6
jeanongsuong,6
jeanswest,6
jerrycase,6
jet,6
jing,6
jolly,6
jumps,6
kakaotalk,6
kakinam,6
kalimba,6
kappaphycus,6
kcbox,6
kemduongtrang,6
kemface,6
kemolay,6
kerui,6
kesoto,6
khachsan,6
khie,6
khoaitay,6
khumuiphongngu,6
kingwear,6
knocked,6
kono,6
kool,6
kts,6
lacepulse,6
lactose,6
lampholder,6
landelivery,6
lanling,6
lanmodel,6
lannate,6
lanterns,6
laohoa,6
lark,6
latitude,6
latvia,6
layout,6
lazflash,6
lde,6
lectures,6
les,6
lien,6
liftactiv,6
lighten,6
lilac,6
lituili,6
litva,6
llkgxc,6
lmou,6
loabass,6
loablutooth,6
loakeokeo,6
loapintrau,6
locking,6
london,6
longnaothom,6
lorita,6
lowbattery,6
lucidum,6
lumos,6
lutein,6
mage,6
maggo,6
maillpower,6
malls,6
malone,6
mammoth,6
mangan,6
mangtay,6
manhtienaudio,6
manually,6
marks,6
materialmetal,6
maudon,6
mavic,6
mayjam,6
maykhuechtannuochoa,6
maykhuechtantindau,6
maylammatkhongkhi,6
mayphunnuochoa,6
mayphunsuongmini,6
mayphunsuongtinhdau,6
maysongtinhdau,6
maytaohuongthom,6
maytaohuongthomtudong,6
mayxitthomkhachsan,6
mayxitthomphongtudong,6
meditation,6
melano,6
mes,6
methicone,6
methoxycinnamate,6
micchatluong,6
micloakeo,6
mico,6
microamthanhaudio,6
microbomb,6
microcamtay,6
micromax,6
microuhf,6
micthuamlivestream,6
mild,6
millefolium,6
minhmodelredmi,6
minisize,6
miniusb,6
mixlab,6
mocha,6
modepin,6
moma,6
moonlight,6
mppixel,6
muatuithomdetuquanao,6
multipoint,6
muncoc,6
myphamlanhtinh,6
narguerite,6
natto,6
nendotdenxong,6
nenthomkhongkhoi,6
nepal,6
nest,6
netac,6
neutrogena,6
nexode,6
ngoan,6
nhangdua,6
nhangnutram,6
nhangsachkhonghoachat,6
nhangsao,6
nhangsi,6
nhangthomthocung,6
nhangtrambac,6
nhangtunhien,6
nhanhkhe,6
nhantramhuong,6
nipagin,6
nir,6
nmf,6
nmn,6
nong,6
nourishes,6
ntra,6
nuarl,6
numbuzin,6
nuochoakhuyechtan,6
nutramhuongtunhien,6
nutramkhoinguoc,6
octyl,6
offical,6
oncol,6
onlyme,6
openrun,6
oppoplug,6
oqqo,6
orgaic,6
originote,6
orio,6
overcharging,6
overdischarge,6
overheat,6
overview,6
overvoltage,6
owner,6
painted,6
parafin,6
parkii,6
pas,6
pcare,6
pci,6
pcie,6
peau,6
pefq,6
penetrating,6
pengwen,6
pennyj,6
pentagram,6
perennis,6
pets,6
phenol,6
phenylalanine,6
philipin,6
photoplethysmography,6
photphat,6
phukiendeyeu,6
phytopthora,6
pickups,6
pigment,6
pinus,6
plan,6
plane,6
plated,6
platter,6
pll,6
plum,6
plusdung,6
png,6
poch,6
policy,6
polyetylen,6
polysaccharides,6
pomodoro,6
pong,6
portraits,6
portugal,6
pouch,6
powermag,6
programs,6
propamidobenzoic,6
propower,6
proprietary,6
protecting,6
pseudoperonospora,6
psoralea,6
pss,6
ptc,6
pthu,6
pura,6
qbep,6
qcif,6
qic,6
qualcom,6
qualuuniem,6
quanbigsize,6
quanbikercon,6
quanbocon,6
quanbogiare,6
quanbomickey,6
quangnam,6
quanjeancon,6
quanjeannambigsize,6
quanjeannamngan,6
quanjeannamquanshort,6
quanjeannamquantay,6
quanjeannamzipper,6
quanjeanretro,6
quankaki,6
quankakinu,6
quankhoalech,6
quannu,6
quanrachxuoc,6
quantuihop,6
quanvayson,6
rahu,6
railings,6
randomly,6
raucai,6
raucaixoong,6
readiness,6
reasonable,6
receivered,6
redpeel,6
regenerating,6
registered,6
reinforced,6
reject,6
rejuvenation,6
relac,6
remains,6
remotemonitoring,6
returnation,6
reviews,6
rhizoctonia,6
rigors,6
risking,6
rocheposay,6
rocking,6
rosea,6
rotated,6
rounded,6
rowing,6
rubi,6
rum,6
rying,6
sacduphongarun,6
sacnhanhdanentang,6
sacremax,6
sacsamsung,6
salycilic,6
sapthomkhumuioto,6
sapthomphongglade,6
sapthomxeoto,6
satiq,6
sativus,6
scb,6
scroll,6
securityfence,6
selection,6
sends,6
senka,6
serbian,6
serumcompliment,6
serumdangxitkhoang,6
serumdrsoromer,6
serumiskin,6
serumphuchoi,6
setgs,6
settingssaturation,6
sgs,6
shells,6
shimment,6
shirts,6
shopdonghothongminh,6
shopwindow,6
showcase,6
shuae,6
sifli,6
sight,6
silky,6
sip,6
sir,6
sitosterol,6
skinacne,6
skinacnes,6
skincarevietnam,6
skipping,6
smartddns,6
snake,6
sneezing,6
snowmans,6
sonpixel,6
sosone,6
soundlink,6
sparkling,6
spatial,6
sporocarp,6
sprot,6
ssmobile,6
styling,6
suludong,6
sumicidin,6
sumsung,6
sunnary,6
supermini,6
superspeed,6
supper,6
suspension,6
svhouse,6
swim,6
syn,6
tabstore,6
tactical,6
taingheapple,6
tainghebluetoothcoled,6
tainghebluetoothgaming,6
tainghebluetoothhay,6
tainghecamung,6
tainghecoled,6
tainghegamedienthoai,6
tainghegamethu,6
taingheinpod,6
tainghekodaygaming,6
tangerine,6
tanghebluetooth,6
tangible,6
tannin,6
taymuncom,6
taynotcom,6
tcl,6
tcs,6
tdsee,6
technically,6
telephotos,6
teo,6
terra,6
tet,6
tetra,6
tewub,6
textures,6
thackhoichaynguoc,6
thangthaomobile,6
thenhonetac,6
thicker,6
thietbiamthanh,6
thinq,6
thomquanao,6
thomtuquanao,6
thomxe,6
thread,6
thumbscrew,6
thunder,6
thunform,6
tieucanh,6
tigf,6
tiktoker,6
tinhchatcapam,6
tinhdaudmt,6
tinhdauspa,6
tinhdautramhuong,6
tinhdauxongthomphong,6
tipm,6
tnh,6
toc,6
tones,6
tonner,6
touchable,6
tournaments,6
toy,6
toys,6
tpc,6
tracked,6
tramhuongcaocap,6
tramnukhoinguoc,6
trangtrinoel,6
transforming,6
transimission,6
transmits,6
transmitting,6
trasua,6
travelling,6
trekking,6
truecica,6
truedepth,6
trueman,6
tubing,6
tuithomdephong,6
tuithomfarcent,6
tun,6
ufcs,6
ulaw,6
ultratrac,6
unfold,6
unforgettable,6
unibody,6
unpleasant,6
upper,6
uralensis,6
usba,6
utilizing,6
uxga,6
vaccinium,6
vao,6
veins,6
vemoda,6
venven,6
versions,6
vietnamdelivery,6
virtually,6
vite,6
vivid,6
vivu,6
voan,6
voz,6
vtm,6
waiting,6
wallpaper,6
wdsoil,6
wearfit,6
weekends,6
wensh,6
wick,6
wifidung,6
wifipositioning,6
wirelessstereo,6
wise,6
wonderland,6
worried,6
worries,6
wothout,6
wps,6
wsg,6
xfvg,6
xiaxuannai,6
xitkhoangcangbongda,6
xitkhoangserum,6
xitkhumuiphongngu,6
xitphongthom,6
xitphongthomlau,6
xitthomnha,6
xpress,6
xvv,6
yang,6
yeaj,6
yeqinhuia,6
ykcn,6
yohy,6
yongda,6
yotube,6
yuan,6
zale,6
zeep,6
zenfone,6
zengcheng,6
zfvi,6
zigbee,6
zika,6
zoomplug,6
zuzg,6
abb,5
absfunction,5
absolue,5
absorbs,5
acaa,5
accidental,5
accuracy,5
acerola,5
aci,5
activator,5
actively,5
adapts,5
additionally,5
adelivery,5
adorned,5
adventure,5
aeneas,5
aftershokz,5
agent,5
aic,5
alantek,5
albums,5
amoy,5
amygdalus,5
angelica,5
anphuc,5
antennas,5
aopcm,5
aos,5
apowerbank,5
appgallery,5
appleplug,5
approved,5
apricot,5
april,5
apwikoger,5
aquaxyl,5
arrive,5
arun,5
ascuricic,5
asean,5
asistica,5
aspire,5
astronaut,5
atja,5
atratum,5
attract,5
auditory,5
aureum,5
autoshot,5
auxin,5
babycry,5
badminton,5
bagged,5
bahasa,5
baithuocbacxongnha,5
bakelite,5
balun,5
bankfeature,5
bankthis,5
baohieplong,5
basketball,5
beating,5
beggynamnu,5
beggyongsuong,5
beiersdorf,5
belden,5
bells,5
benefit,5
benzen,5
benzylalcohol,5
bepdunboket,5
bergamia,5
bergamo,5
berries,5
bestmart,5
bestmartvn,5
betaglucan,5
bfsg,5
bicycle,5
bigger,5
bika,5
bills,5
biloba,5
binhcocao,5
binhduoicontrung,5
biome,5
bisieungon,5
bliss,5
blowout,5
blt,5
blu,5
bluebell,5
bluetoothheadphone,5
bluetoothstereo,5
bluewow,5
bobanaturals,5
boerhavia,5
boket,5
bomber,5
bomicrodanang,5
bongdenled,5
bongdenyoosee,5
bonks,5
boong,5
boongrong,5
boongsuong,5
botslab,5
boutique,5
breathable,5
brix,5
bushes,5
butylcarbamate,5
bxgo,5
cachxongnhaduoitakhi,5
calms,5
camdelivery,5
camerafullcolor,5
camerapentacamera,5
camerarabitcam,5
camerasrihome,5
cameratheodoi,5
cameravideocall,5
cameraxiaomi,5
camerazoom,5
candidum,5
canmove,5
canvio,5
capacitynonebluetooth,5
capaz,5
caprate,5
carbamate,5
carboxylic,5
carotenoid,5
cart,5
cartoons,5
casing,5
catch,5
catl,5
causing,5
cautions,5
cayanquanangsuatcao,5
cayanquanhapngoai,5
cayanquasaiqua,5
cayanquatuquy,5
cayhoacongtrinh,5
caynen,5
cayngoaitroi,5
caytieucanh,5
cayvahoa,5
cayxinh,5
cbt,5
cceearth,5
cefy,5
celia,5
ceraman,5
cgiao,5
chaixitphong,5
chatgpt,5
chats,5
chery,5
chiausb,5
chieutaikichloc,5
chime,5
chongon,5
chuneon,5
chuyendung,5
cinnamomum,5
clamp,5
clasp,5
classxxs,5
clearing,5
clicks,5
clouasia,5
clu,5
cmodelxiaomikhe,5
cnagain,5
coacher,5
cocamidopropyl,5
cocsac,5
coenzim,5
coenzym,5
colloidal,5
colmi,5
colorfull,5
comau,5
combat,5
combinations,5
comparisons,5
compatibilitylenovo,5
compatibilitynokia,5
compatibilityvivo,5
conches,5
condensador,5
configurations,5
confirm,5
consumptionmax,5
contaminating,5
cooking,5
copoly,5
coral,5
corallina,5
corisu,5
correction,5
costume,5
coton,5
cotta,5
coulomb,5
counterclockwise,5
couplet,5
coupon,5
covers,5
cozenim,5
cpov,5
cranberry,5
crickets,5
cruelty,5
crvk,5
cucumber,5
cungphat,5
curcumin,5
cure,5
curtains,5
curve,5
cushion,5
customised,5
cutepet,5
cyclohexasiloxane,5
cydo,5
cylindrica,5
cymbus,5
cymen,5
cynanchum,5
dafans,5
daicatdailoi,5
dakho,5
dalona,5
damat,5
damun,5
daumicro,5
daurong,5
dautay,5
davidso,5
dayledtrangtri,5
daysac,5
deals,5
deban,5
decanediol,5
decibels,5
decis,5
decors,5
decyl,5
defender,5
delayed,5
delays,5
denbaymau,5
denbongtron,5
dencacloai,5
denchieusao,5
denchuneon,5
dendaucao,5
denday,5
dendrobium,5
denhoasen,5
denkhuechtantinhdau,5
denleddaytrangtri,5
denleddomdom,5
denledneon,5
denledneontreotuong,5
denledtrangtringoaitroi,5
denledtrangtriphong,5
denmark,5
denneonchu,5
denneonled,5
denneonuonchu,5
denngudeban,5
dennhapnhay,5
dennneontrangtri,5
dennoel,5
denrem,5
denthuytinh,5
dentrangtriquancafe,5
denxongtinhdaumini,5
der,5
derivative,5
derm,5
dermatest,5
desire,5
determine,5
developed,5
dgw,5
dhc,5
diagrams,5
dicaprate,5
dienthoainhat,5
dilac,5
dimethylamine,5
dinhdottram,5
dirt,5
dispaly,5
dispenser,5
distortions,5
div,5
doctors,5
doll,5
donghochaybo,5
donghopicom,5
donghothongminhchotre,5
donghothongminhchotreem,5
dongxu,5
doogee,5
dopa,5
drceuticsvietnam,5
droop,5
dropship,5
drugstore,5
dsee,5
dtjyt,5
dudan,5
dull,5
dullness,5
duocmypham,5
duocmyphamcaocap,5
duoicontrung,5
duongtrangdamat,5
dynamics,5
eaac,5
earfun,5
earplugs,5
ebio,5
effector,5
eguan,5
eken,5
ekisu,5
elise,5
ellier,5
embroidery,5
emitting,5
enclosed,5
encyclopaedia,5
enping,5
enrich,5
enterprise,5
envy,5
epipremnum,5
epix,5
erase,5
ess,5
ethener,5
europaea,5
excels,5
excessive,5
exfoliation,5
exist,5
expand,5
expect,5
expectations,5
experiments,5
externe,5
fades,5
fair,5
falsely,5
families,5
fancy,5
farsi,5
fastest,5
faux,5
fax,5
fbx,5
fedex,5
femmiu,5
fengshui,5
fingers,5
fishnets,5
fityle,5
flared,5
flashes,5
flh,5
flo,5
florida,5
flp,5
fluid,5
fluke,5
fluor,5
focalskin,5
footage,5
forclassroom,5
forecast,5
formal,5
freckle,5
freedompop,5
freshness,5
frontier,5
ftpu,5
fucus,5
fullerenes,5
functionanti,5
futureworld,5
gallatyl,5
garages,5
gdpr,5
geekbench,5
gelinput,5
gemini,5
generator,5
geniture,5
genres,5
giadunganphuc,5
giadungtienich,5
giamnepnhan,5
giangform,5
giangsinh,5
giasi,5
gibberellin,5
ginkgo,5
gionghoadayenthao,5
giongsuplo,5
girlfriend,5
girlfriends,5
gld,5
globulus,5
gloryfitpro,5
gloryworld,5
glucans,5
glycation,5
gochek,5
goddess,5
goixongnhatayue,5
goixongnhathaoduoc,5
goixongnhathaomoc,5
goldzan,5
gorila,5
gpsbattery,5
gpsglonass,5
granactive,5
grandiflora,5
greece,5
grit,5
gtdyede,5
gtm,5
gts,5
guardian,5
guerin,5
guitars,5
haller,5
handcraftsmanship,5
harness,5
hatgiongbidao,5
hatgiongbingoi,5
hatgiongbisieungon,5
hatgiongcachua,5
hatgiongdaucove,5
hatgionghoadayenthao,5
hatgionghoangusac,5
hatgionghoasaonhaimixmau,5
hatgionghoasaonhay,5
hatgiongngo,5
hatgiongngonep,5
hatgiongnho,5
hatgiongnholeogian,5
hatgiongothanquoc,5
hatgiongraucaihoahong,5
hatgiongraumuong,5
hatgiongrautiato,5
hatgiongsenda,5
hatsuplo,5
hazardous,5
hdpro,5
healer,5
held,5
hellobody,5
hep,5
hesede,5
hexi,5
highlights,5
hipster,5
hires,5
histolab,5
hksmart,5
hla,5
hmdi,5
hmr,5
hoagiare,5
hoamini,5
hoamuoigio,5
hoamuoigiokep,5
hoangoaitroi,5
hoaphongthuy,5
hoatuoi,5
hoauanang,5
hol,5
hqai,5
huaweicharger,5
huiyun,5
hum,5
humbird,5
huongnutram,5
huongthomthiennhien,5
huongtramnu,5
huongtramsach,5
hurt,5
hvnn,5
hydroxybenzoate,5
hydroxyhydrocinnamate,5
hyperpigmentation,5
imagination,5
imu,5
increases,5
indian,5
indre,5
info,5
initial,5
inspire,5
insulation,5
integrate,5
integrity,5
inteligente,5
intelligently,5
interruptions,5
ipdung,5
ipone,5
irritating,5
isocell,5
issues,5
ist,5
jac,5
jacquard,5
jade,5
jalupro,5
jamming,5
japanmobile,5
jeanscaocap,5
jeansnam,5
jen,5
jettingbuy,5
jis,5
jmti,5
junos,5
kai,5
kavvo,5
kayak,5
kemchongnang,5
kemduongamtrangda,5
kemtrangdamat,5
khumuiphongtam,5
kiehl,5
kiemdau,5
kimiso,5
kkkfffbbdd,5
kms,5
koi,5
kokoro,5
komex,5
krxt,5
kyrone,5
kysb,5
kyushuad,5
lacp,5
laimy,5
laminaria,5
lancosme,5
laundry,5
lavamix,5
lazm,5
leap,5
lebi,5
lechen,5
legal,5
legion,5
lemongass,5
lenovothinkpad,5
lenses,5
letter,5
leucine,5
lever,5
lidwf,5
lieu,5
lighted,5
lightningpower,5
lingdong,5
linksys,5
lipow,5
lipsome,5
lipstick,5
liquidcool,5
lithilium,5
liuf,5
loablt,5
loabluetoothkhongday,5
loablutut,5
loacodien,5
loadenled,5
loagiadinh,5
loago,5
loakaraokemini,5
loakemmic,5
loavitinh,5
locations,5
lochanlong,5
locks,5
lodungtinhdaukhuechtan,5
lohoatinhdaukhuechtan,5
loibongduphong,5
loibonghutam,5
loibongkhuechtan,5
loibongmayxong,5
loibongmayxongtinhdaumini,5
loihutam,5
lokhuyechtantinhdauthomphong,5
lost,5
lothomtreophong,5
lothomtreotuquanao,5
lotinhdaukhuechtan,5
lotinhdauthomphong,5
lotreotuquanao,5
lotreoxe,5
louda,5
louis,5
lpad,5
ltg,5
ltr,5
lxwxh,5
lycamobile,5
lycopene,5
macbok,5
maill,5
maintaining,5
mamcucaido,5
mamgiongsuplo,5
mangtayxanh,5
manovo,5
mariejapan,5
marked,5
mascara,5
masstel,5
maylamatkhongkhi,5
mayxitphongtudong,5
mayxongcongnghiep,5
mayxongcongsuatlon,5
mayxonghoakhongkhi,5
mayxonghoitinhdau,5
mazar,5
mcdodo,5
mediterranean,5
meduzi,5
meee,5
melasyltm,5
memorable,5
mesowhite,5
metropcs,5
mexican,5
mezone,5
mfb,5
mia,5
micblutooth,5
micomi,5
microcaiao,5
microfon,5
microkhongdaydungcholoakeokeo,5
micthuamgiabuon,5
mie,5
miiqnus,5
miking,5
miko,5
milimet,5
milliamperes,5
mimida,5
miniature,5
mins,5
mintmobile,5
miwatch,5
mlt,5
mng,5
mobileapp,5
moc,5
modelhonor,5
modifications,5
moisturizes,5
molecules,5
moliden,5
mom,5
mosquito,5
mothammun,5
moves,5
mtb,5
mud,5
muithom,5
muixu,5
muixuserum,5
muixushop,5
multisport,5
multitude,5
mykid,5
myphamauth,5
myphamauthentic,5
myphamgorgeous,5
myphamthiennhien,5
nails,5
nangluongmattroi,5
nanny,5
nanowhite,5
napiers,5
nendotdenxongtinhdau,5
nenlautan,5
nenspa,5
nentrangtriphong,5
nenvien,5
nestout,5
netherlands,5
networksupport,5
nfhu,5
ngheremote,5
ngocthocomputer,5
nguamun,5
nguontotvn,5
nhaaa,5
nhangantoan,5
nhangcauan,5
nhangcungthantai,5
nhangdacbiet,5
nhangdailoi,5
nhangdotitkhoi,5
nhangindia,5
nhangkhoi,5
nhangkhongcuontan,5
nhangnuque,5
nhangnutramhuongtunhien,5
nhangongcau,5
nhangphong,5
nhangquesach,5
nhangquevo,5
nhangtanhiepthanh,5
nhangthomkhonghoachat,5
nhangthomsach,5
nhangtramhuongnu,5
nhangtramkhoanh,5
nhangtramtuetam,5
nhangvang,5
nhangvien,5
nhangvoque,5
nhangxongnha,5
nhansam,5
nhatban,5
nholeogian,5
niaciandmide,5
nieudotboket,5
nightography,5
nipasol,5
noidiatrung,5
noison,5
noyafa,5
nsa,5
ntbd,5
ntv,5
nunhangtramhuong,5
nuocxitphong,5
nutramhuonggiare,5
nutramxongnha,5
occupies,5
occupy,5
ocp,5
odorata,5
oeag,5
officinale,5
oftbt,5
olaf,5
olea,5
oligo,5
omai,5
omron,5
oneui,5
ongsuong,5
onlinedelivery,5
ooki,5
openswim,5
operators,5
optimization,5
optimum,5
optimus,5
originals,5
oris,5
ornamental,5
othiem,5
otxiem,5
outages,5
outlook,5
outport,5
overalls,5
overexposure,5
oxit,5
oyster,5
pai,5
panosonic,5
parcel,5
patchwork,5
patrick,5
pdo,5
pdp,5
peacock,5
pee,5
pell,5
pepsi,5
percentage,5
performs,5
perilla,5
petbetter,5
petitjean,5
phale,5
phanphoisile,5
phase,5
phatoil,5
phenolic,5
phihanhgia,5
philippine,5
phongao,5
phongcach,5
phonograph,5
photographing,5
photpho,5
pinduphongdulich,5
pinduphongsacsieunhanh,5
pinsacchinhhang,5
pinsacduphongchinhhang,5
pinsacduphonggiare,5
pionin,5
pipgy,5
pisenchinhhang,5
pitch,5
pix,5
pixplus,5
playmobile,5
plays,5
pluscamera,5
pluskhe,5
pluss,5
pnp,5
pointingas,5
polyacrylamide,5
polyethylene,5
polymerpower,5
possibilities,5
potential,5
pound,5
poweris,5
powerlink,5
prevention,5
priced,5
primaw,5
primula,5
prompts,5
prone,5
proshot,5
proven,5
provid,5
providedmanufacturing,5
providedpower,5
pull,5
pulling,5
pullulan,5
pumpkin,5
purslane,5
putting,5
pvmf,5
pxl,5
qia,5
qianzi,5
qoovi,5
quanam,5
quanao,5
quanaonam,5
quanbaggynu,5
quanbeggy,5
quanbobaggy,5
quanbocapchun,5
quanbonamnu,5
quanboongrong,5
quangchau,5
quanjeancaocap,5
quanjeannamdai,5
quanjeannamskinny,5
quanjeannamsuong,5
quanjeannamunisex,5
quanjeansnu,5
quanjeansongsuong,5
quanjeanxanh,5
quanjrannamcapcao,5
quanmexico,5
quannamnu,5
quanngonam,5
quanranlinh,5
quanranri,5
quanshortjeannam,5
quansooc,5
quansot,5
quansotjean,5
quanthailan,5
quanxachtay,5
quaternium,5
question,5
qxga,5
rabitcam,5
radius,5
rapa,5
rauthom,5
rcvr,5
recipe,5
redmicharger,5
removable,5
removeunless,5
repellent,5
rescue,5
resolutions,5
resurfacing,5
resveratrol,5
retaining,5
retinoic,5
rhep,5
rides,5
rocher,5
rocker,5
role,5
rosehip,5
roses,5
rots,5
rtopr,5
rye,5
rzdw,5
rzuf,5
sacduphongchoiphone,5
sacduphongcholaptop,5
sacduphongchomacbook,5
sacduphonggiatot,5
sacduphongmacbook,5
sacduphongpd,5
saciphone,5
sacnhanhqc,5
saigon,5
sakurabeauty,5
sakurabeautyvietnam,5
sanag,5
sans,5
sapkhumuinhavesinh,5
sapthomambipur,5
sasukea,5
satmoon,5
schematic,5
scimitar,5
sdgold,5
sdrd,5
seaspark,5
sebum,5
sekhitlochanlong,5
sem,5
senda,5
serumcaithiensactoda,5
serumcangbong,5
serumcapamchoda,5
serumchamsocda,5
serumduongdacangbong,5
serumduongtrangdamat,5
serumgiamthammun,5
serumkyunglab,5
serumlamdiuda,5
serumlamsangdamat,5
serumlamsangdeumauda,5
seurm,5
sever,5
sfc,5
sftp,5
shades,5
shadows,5
shaping,5
shared,5
sharing,5
shea,5
shielded,5
shift,5
shopxuhuong,5
shortcut,5
shots,5
shu,5
shuboss,5
sieunhanh,5
sieutram,5
sillicon,5
simulated,5
simulating,5
simulation,5
sinoele,5
sitthomphong,5
sizeskin,5
slate,5
slovenian,5
smartwatchstyle,5
smule,5
snowy,5
soap,5
softer,5
solves,5
sonatural,5
sonictechfinds,5
sonoff,5
sot,5
specialized,5
specs,5
spincontrol,5
spinosa,5
spotlights,5
sprout,5
sprucing,5
srs,5
staff,5
stands,5
standthis,5
stays,5
stepping,5
stevia,5
stone,5
storeform,5
striking,5
stringing,5
subdivision,5
subtle,5
successful,5
suddy,5
sunphat,5
sunscreen,5
sunset,5
superb,5
superbass,5
supermouse,5
superoxide,5
suplo,5
supplier,5
suppresses,5
supprots,5
surrounding,5
sutiable,5
svec,5
sylvestris,5
synchronously,5
synthe,5
systemand,5
tags,5
taiakg,5
tainghebluetoothchinhhang,5
tainghebluetoothgiare,5
tainghebluetoothjbl,5
tainghebluetoothmini,5
tainghecaocap,5
tainghechatluong,5
tainghechoandroid,5
taingheip,5
tainghelaptop,5
tainghenhettaiakag,5
taingheremax,5
taingheroman,5
tainghetainghebluetooth,5
taiphonebluetooth,5
taitao,5
tamthi,5
targeted,5
targets,5
tasmania,5
tatical,5
tdscdma,5
teana,5
tebaogoc,5
techwear,5
teens,5
teleadapt,5
telescope,5
telescopic,5
telit,5
terephthalate,5
terms,5
ternary,5
terpineol,5
tetrahexyldecyl,5
tga,5
thanhoa,5
thaomoc,5
themes,5
theobroma,5
thichca,5
thoitiethomnay,5
thomxeoto,5
thre,5
throw,5
thuocbaclanong,5
thuocxongnha,5
thuytinh,5
timely,5
tinhchatchongnepnhan,5
tinhchatiskin,5
tinhchatnhansam,5
tinhchatsenanaduongda,5
tinhdaucafe,5
tinhdauchanhxa,5
tinhdauchungcat,5
tinhdaudephongngu,5
tinhdauhoaanhthao,5
tinhdauhoalai,5
tinhdaukhuechtanthomphong,5
tinhdaulai,5
tinhdautamthi,5
tinhdauthomphongquego,5
tinhdautramgiohanguyenchat,5
tinhdautramgioxitphong,5
tinhdauxa,5
tinhdauxachanh,5
tinhdauxongnha,5
tinhphong,5
tiny,5
tipo,5
title,5
toxic,5
tpcn,5
tracback,5
trace,5
tramaulac,5
tramhuongmocphattai,5
tramhuongnucaocap,5
tramnucaocap,5
tramnuthackhoi,5
tramvien,5
trangtrinha,5
trangtriphongngu,5
trangtrisinhnhat,5
transformers,5
transit,5
transitions,5
transmitters,5
treatments,5
trial,5
triethylhexanoin,5
trongplug,5
tronics,5
troxerutin,5
trusense,5
ttc,5
tuongsu,5
tuongtho,5
tuoqiaodua,5
typea,5
typecandia,5
typeukinput,5
typeusbinput,5
ufzn,5
ulc,5
ultrabook,5
une,5
uniquely,5
unlimited,5
uno,5
unwanted,5
uploading,5
usbbattery,5
utility,5
vaef,5
vantech,5
vector,5
verom,5
vesinh,5
viatmin,5
vibrate,5
vibrator,5
vimo,5
vitamina,5
vivomove,5
vnd,5
vnpt,5
vonfram,5
vovc,5
vvv,5
wach,5
wait,5
waktu,5
wallpapers,5
walnut,5
warmer,5
weighted,5
whatsoever,5
wideband,5
windowxp,5
wip,5
woitd,5
workhorse,5
worldwide,5
wristwatch,5
wsustore,5
wvcg,5
xapthomphong,5
xcts,5
xfinity,5
xiaoai,5
xiaomicharger,5
xim,5
xit,5
xitphongduoimuoi,5
xitphongtinhdausachanh,5
xitthomquanao,5
xiu,5
xongboket,5
xongnhatayuetruta,5
xuaduoitakhi,5
xuaduoitama,5
xylane,5
ykk,5
yodi,5
youjin,5
yume,5
zymoon,5
